collect_time,temperature,irradiance,dhi,dni,wind_speed,active_power
2024-04-01 00:00:00,13.313,0.0,0.0,0.0,1.3928387,0.0
2024-04-01 01:00:00,12.813,0.0,0.0,0.0,1.4866068,0.0
2024-04-01 02:00:00,12.213,0.0,0.0,0.0,1.6492423,0.0
2024-04-01 03:00:00,11.913,0.0,0.0,0.0,1.6278821,0.0
2024-04-01 04:00:00,11.713,0.0,0.0,0.0,1.5231546,0.0
2024-04-01 05:00:00,11.413,0.0,0.0,0.0,1.5297059,0.0
2024-04-01 06:00:00,13.963,0.0,0.0,0.0,1.0198039,0.0
2024-04-01 07:00:00,14.963,0.0,0.0,0.0,1.5264337,1.048
2024-04-01 08:00:00,13.413,86.97829,56.535885,158.63171,1.7888545,107.682
2024-04-01 09:00:00,17.213001,293.38843,119.52861,619.1911,1.118034,351.145
2024-04-01 10:00:00,20.563002,509.83954,142.2808,774.51074,0.0,566.37
2024-04-01 11:00:00,23.463001,694.1802,155.24796,843.0729,0.82462114,708.844
2024-04-01 12:00:00,25.113,824.19904,162.29402,866.81494,1.603122,729.631
2024-04-01 13:00:00,25.913,887.6495,162.78693,863.7756,2.209072,729.679
2024-04-01 14:00:00,26.163,882.9548,158.55528,841.51465,2.4515302,729.6690000000001
2024-04-01 15:00:00,26.063002,812.1138,150.35597,800.1037,2.1540658,726.348
2024-04-01 16:00:00,25.663,679.26074,136.95514,732.56946,0.5,631.541
2024-04-01 17:00:00,24.463001,499.42834,117.05352,630.64264,0.6324555,456.605
2024-04-01 18:00:00,23.363,293.79532,88.839966,471.83884,0.60827625,236.131
2024-04-01 19:00:00,21.113,93.593704,42.340008,217.02618,0.70710677,46.578
2024-04-01 20:00:00,17.313002,0.0,0.0,0.0,1.4035668,0.0
2024-04-01 21:00:00,17.813002,0.0,0.0,0.0,0.9433981,0.0
2024-04-01 22:00:00,16.913,0.0,0.0,0.0,0.7615773,0.0
2024-04-01 23:00:00,15.363,0.0,0.0,0.0,1.0049876,0.0
2024-04-02 00:00:00,15.013,0.0,0.0,0.0,1.0440307,0.0
2024-04-02 01:00:00,13.363,0.0,0.0,0.0,1.7,0.0
2024-04-02 02:00:00,13.213,0.0,0.0,0.0,1.7492856,0.0
2024-04-02 03:00:00,12.513,0.0,0.0,0.0,1.7,0.0
2024-04-02 04:00:00,12.363,0.0,0.0,0.0,1.3000001,0.0
2024-04-02 05:00:00,12.213,0.0,0.0,0.0,1.104536,0.0
2024-04-02 06:00:00,15.263,0.0,0.0,0.0,0.50990194,0.0
2024-04-02 07:00:00,15.563001,0.0,0.0,0.0,0.8544004,0.0
2024-04-02 08:00:00,16.163,93.29113,60.74771,168.07808,0.72801095,93.641
2024-04-02 09:00:00,18.063002,298.8284,120.34266,625.43646,0.36055514,301.419
2024-04-02 10:00:00,22.163,513.73486,144.41394,771.1151,0.8062258,517.063
2024-04-02 11:00:00,25.113,695.8263,157.33652,836.9904,1.029563,681.5720000000001
2024-04-02 12:00:00,26.863,823.8194,161.159,863.4666,1.0816654,729.792
2024-04-02 13:00:00,28.213001,888.44495,162.7451,861.1291,1.3341664,729.51
2024-04-02 14:00:00,28.213001,883.84937,159.52887,838.226,1.5811387,729.556
2024-04-02 15:00:00,28.213001,813.10065,150.36137,798.34686,1.431782,728.0649999999999
2024-04-02 16:00:00,28.263,684.937,136.98741,737.33887,2.2671568,620.472
2024-04-02 17:00:00,27.263,504.0772,117.12637,635.3128,1.2083046,437.255
2024-04-02 18:00:00,25.863,296.6512,88.21471,476.89236,0.6,219.231
2024-04-02 19:00:00,24.663,96.155,43.297863,221.26538,0.3,50.998000000000005
2024-04-02 20:00:00,21.513,0.0,0.0,0.0,1.17047,0.0
2024-04-02 21:00:00,18.213001,0.0,0.0,0.0,1.6552945,0.0
2024-04-02 22:00:00,17.863,0.0,0.0,0.0,2.3345237,0.0
2024-04-02 23:00:00,16.613,0.0,0.0,0.0,2.3600848,0.0
2024-04-03 00:00:00,15.463,0.0,0.0,0.0,2.6627054,0.0
2024-04-03 01:00:00,14.963,0.0,0.0,0.0,2.529822,0.0
2024-04-03 02:00:00,14.813,0.0,0.0,0.0,2.4351592,0.0
2024-04-03 03:00:00,14.063,0.0,0.0,0.0,1.7,0.0
2024-04-03 04:00:00,15.863,0.0,0.0,0.0,1.746425,0.0
2024-04-03 05:00:00,14.863,0.0,0.0,0.0,1.3453624,0.0
2024-04-03 06:00:00,13.963,0.0,0.0,0.0,2.109502,0.0
2024-04-03 07:00:00,13.813,0.0,0.0,0.0,2.418677,0.1649999999999999
2024-04-03 08:00:00,15.763,99.588234,64.948845,177.30714,1.5,98.533
2024-04-03 09:00:00,18.763,301.56158,121.16314,622.1765,1.7029386,323.165
2024-04-03 10:00:00,20.363,516.45,142.99873,772.72784,3.0,564.335
2024-04-03 11:00:00,20.963001,697.47736,154.99496,837.8802,3.4669871,704.4830000000001
2024-04-03 12:00:00,22.863,824.5035,161.08551,860.1976,2.7784889,729.812
2024-04-03 13:00:00,24.513,891.2882,163.72688,859.7564,2.505993,729.7130000000001
2024-04-03 14:00:00,24.413,887.71643,160.5023,838.42914,2.7784889,729.6890000000001
2024-04-03 15:00:00,23.713001,816.0028,152.28221,796.64124,2.8844411,729.765
2024-04-03 16:00:00,24.213001,686.01636,138.85854,733.48096,2.147091,652.903
2024-04-03 17:00:00,22.863,508.728,118.93471,637.14026,2.607681,462.931
2024-04-03 18:00:00,21.113,301.85394,90.712585,480.1453,2.9410884,240.438
2024-04-03 19:00:00,18.563002,99.86026,45.391026,225.45955,2.8178005,47.822
2024-04-03 20:00:00,15.463,0.0,0.0,0.0,2.2135942,0.0
2024-04-03 21:00:00,14.013,0.0,0.0,0.0,2.0099752,0.0
2024-04-03 22:00:00,13.463,0.0,0.0,0.0,2.0024984,0.0
2024-04-03 23:00:00,13.113,0.0,0.0,0.0,1.3038404,0.0
2024-04-04 00:00:00,12.613,0.0,0.0,0.0,1.1,0.0
2024-04-04 01:00:00,12.213,0.0,0.0,0.0,1.4142135,0.0
2024-04-04 02:00:00,12.513,0.0,0.0,0.0,1.4,0.0
2024-04-04 03:00:00,13.813,0.0,0.0,0.0,0.98488575,0.0
2024-04-04 04:00:00,11.663,0.0,0.0,0.0,1.0440307,0.0
2024-04-04 05:00:00,12.663,0.0,0.0,0.0,0.98488575,0.0
2024-04-04 06:00:00,10.563,0.0,0.0,0.0,1.4764823,0.0
2024-04-04 07:00:00,10.363,0.0,0.0,0.0,1.5132746,2.9450000000000003
2024-04-04 08:00:00,12.213,101.54931,66.97933,175.35892,1.1,123.295
2024-04-04 09:00:00,14.713,300.27765,127.34989,587.17194,1.0816654,349.119
2024-04-04 10:00:00,17.113,515.62756,147.49072,754.9687,1.5811387,594.3449999999999
2024-04-04 11:00:00,19.513,698.02423,157.0831,830.29645,1.8357561,721.488
2024-04-04 12:00:00,21.413,820.95245,162.0719,850.1636,1.746425,729.845
2024-04-04 13:00:00,22.463001,883.90094,163.68536,847.5967,1.5,729.726
2024-04-04 14:00:00,22.813002,882.6669,160.48488,829.5644,1.3038404,729.837
2024-04-04 15:00:00,22.763,811.2417,152.2874,788.1104,1.7492856,729.594
2024-04-04 16:00:00,22.763,674.21643,137.05081,717.3996,2.0808651,669.6030000000001
2024-04-04 17:00:00,20.963001,496.00693,118.13825,614.9513,3.4713109,485.197
2024-04-04 18:00:00,18.763,293.74884,89.299644,462.144,4.0459857,248.493
2024-04-04 19:00:00,16.413,98.44331,45.21524,217.89558,3.1400635,46.362
2024-04-04 20:00:00,14.113,0.0,0.0,0.0,2.1931713,0.0
2024-04-04 21:00:00,13.113,0.0,0.0,0.0,2.184033,0.0
2024-04-04 22:00:00,12.313,0.0,0.0,0.0,2.118962,0.0
2024-04-04 23:00:00,11.763,0.0,0.0,0.0,1.8973665,0.0
2024-04-05 00:00:00,11.563,0.0,0.0,0.0,1.8027756,0.0
2024-04-05 01:00:00,11.063,0.0,0.0,0.0,1.5811388,0.0
2024-04-05 02:00:00,10.763,0.0,0.0,0.0,1.4317821,0.0
2024-04-05 03:00:00,10.663,0.0,0.0,0.0,1.5811388,0.0
2024-04-05 04:00:00,10.313,0.0,0.0,0.0,1.4317821,0.0
2024-04-05 05:00:00,10.613,0.0,0.0,0.0,1.4317821,0.0
2024-04-05 06:00:00,10.963,0.0,0.0,0.0,1.8439089,0.0
2024-04-05 07:00:00,10.813,0.0,0.0,0.0,1.9924859,1.7000000000000002
2024-04-05 08:00:00,11.913,105.66967,73.321815,162.59956,2.0124612,32.817
2024-04-05 09:00:00,14.863,313.71677,122.81678,638.3334,2.4207437,369.137
2024-04-05 10:00:00,17.313002,527.77814,146.08144,775.9226,3.4985712,589.491
2024-04-05 11:00:00,19.063002,709.6299,158.06398,841.403,4.651881,726.12
2024-04-05 12:00:00,20.313002,838.58405,164.11682,866.1074,5.3310413,729.521
2024-04-05 13:00:00,21.113,903.1107,166.71239,863.15314,5.8309517,729.7049999999999
2024-04-05 14:00:00,21.413,899.41064,162.44861,843.4792,6.109828,729.675
2024-04-05 15:00:00,21.363,828.5094,154.20811,803.64923,6.296825,729.5300000000001
2024-04-05 16:00:00,20.863,697.37036,140.76208,740.6403,6.109828,721.615
2024-04-05 17:00:00,19.963001,516.2961,119.94758,642.2547,5.8694124,515.147
2024-04-05 18:00:00,18.713001,306.7929,91.017845,484.86987,5.4781384,265.403
2024-04-05 19:00:00,17.013,103.31589,46.174698,231.38106,4.4777226,47.422
2024-04-05 20:00:00,14.813,0.0,0.0,0.0,2.6925824,0.0
2024-04-05 21:00:00,13.363,0.0,0.0,0.0,1.746425,0.0
2024-04-05 22:00:00,12.563,0.0,0.0,0.0,1.4317821,0.0
2024-04-05 23:00:00,12.113,0.0,0.0,0.0,1.811077,0.0
2024-04-06 00:00:00,11.713,0.0,0.0,0.0,2.2022717,0.0
2024-04-06 01:00:00,11.263,0.0,0.0,0.0,2.5,0.0
2024-04-06 02:00:00,11.263,0.0,0.0,0.0,2.6019223,0.0
2024-04-06 03:00:00,11.113,0.0,0.0,0.0,2.5495098,0.0
2024-04-06 04:00:00,12.063,0.0,0.0,0.0,2.9832869,0.0
2024-04-06 05:00:00,12.463,0.0,0.0,0.0,2.828427,0.0
2024-04-06 06:00:00,12.213,0.0,0.0,0.0,2.8017852,0.0
2024-04-06 07:00:00,12.213,0.0,0.0,0.0,3.306055,3.365
2024-04-06 08:00:00,14.363,110.05025,69.83958,203.7192,4.604346,132.57299999999998
2024-04-06 09:00:00,17.063002,308.46155,123.650536,608.74677,5.656854,390.986
2024-04-06 10:00:00,18.363,519.90717,145.85631,753.81995,7.723341,623.61
2024-04-06 11:00:00,19.363,700.2385,160.14919,818.9068,8.009994,729.8349999999999
2024-04-06 12:00:00,20.063002,826.56946,170.39397,838.6443,7.91012,729.7180000000001
2024-04-06 13:00:00,20.463001,880.38947,194.27875,801.02576,7.7006493,729.743
2024-04-06 14:00:00,20.613,880.4958,183.23029,795.2079,7.802564,729.585
2024-04-06 15:00:00,20.563002,821.83185,153.25536,794.09375,7.7058415,729.6870000000001
2024-04-06 16:00:00,20.363,690.1652,139.87349,729.59674,7.2339478,640.821
2024-04-06 17:00:00,19.813002,511.38428,120.01876,631.50006,7.200694,514.374
2024-04-06 18:00:00,18.863,305.7249,91.16733,479.33493,6.708204,265.71599999999995
2024-04-06 19:00:00,17.613,104.743935,46.552856,233.12265,6.0827627,47.161
2024-04-06 20:00:00,16.313002,0.0,0.0,0.0,5.1195703,0.0
2024-04-06 21:00:00,15.912999,0.0,0.0,0.0,4.491102,0.0
2024-04-06 22:00:00,15.313,0.0,0.0,0.0,3.522783,0.0
2024-04-06 23:00:00,14.313,0.0,0.0,0.0,2.7166157,0.0
2024-04-07 00:00:00,13.563,0.0,0.0,0.0,2.376973,0.0
2024-04-07 01:00:00,13.013,0.0,0.0,0.0,2.2847319,0.0
2024-04-07 02:00:00,12.413,0.0,0.0,0.0,1.8788295,0.0
2024-04-07 03:00:00,11.713,0.0,0.0,0.0,1.6763055,0.0
2024-04-07 04:00:00,12.063,0.0,0.0,0.0,1.8357561,0.0
2024-04-07 05:00:00,11.413,0.0,0.0,0.0,1.2206556,0.0
2024-04-07 06:00:00,10.863,0.0,0.0,0.0,0.84852815,0.0
2024-04-07 07:00:00,10.513,0.0,0.0,0.0,0.5,2.842
2024-04-07 08:00:00,12.263,111.375565,70.12536,212.12901,0.31622776,122.703
2024-04-07 09:00:00,17.213001,309.89926,121.84074,610.37787,0.28284273,384.932
2024-04-07 10:00:00,20.813002,519.12036,144.46109,748.6354,1.2369317,603.683
2024-04-07 11:00:00,23.113,695.2832,157.81825,810.0697,3.733631,729.749
2024-04-07 12:00:00,24.013,820.91656,163.97174,835.73206,4.609772,729.7250000000001
2024-04-07 13:00:00,24.663,882.216,164.58492,834.5658,4.9010205,729.679
2024-04-07 14:00:00,24.913,876.4409,162.41391,811.48145,5.9135437,611.068
2024-04-07 15:00:00,24.263,771.09125,185.8282,692.79913,6.2201285,437.174
2024-04-07 16:00:00,22.663,560.5393,222.74304,446.27795,6.2,356.429
2024-04-07 17:00:00,20.563002,388.985,170.56165,350.97943,6.1032777,414.318
2024-04-07 18:00:00,18.513,191.28896,125.95158,145.13326,4.9819674,129.365
2024-04-07 19:00:00,16.963001,62.17224,49.268566,51.152676,4.90408,38.258
2024-04-07 20:00:00,15.613,0.0,0.0,0.0,4.808326,0.0
2024-04-07 21:00:00,14.663,0.0,0.0,0.0,5.632051,0.0
2024-04-07 22:00:00,13.913,0.0,0.0,0.0,5.656854,0.0
2024-04-07 23:00:00,13.413,0.0,0.0,0.0,7.1021123,0.0
2024-04-08 00:00:00,13.513,0.0,0.0,0.0,7.891768,0.0
2024-04-08 01:00:00,13.213,0.0,0.0,0.0,8.050466,0.0
2024-04-08 02:00:00,12.863,0.0,0.0,0.0,7.940403,0.0
2024-04-08 03:00:00,12.763,0.0,0.0,0.0,8.050466,0.0
2024-04-08 04:00:00,12.613,0.0,0.0,0.0,8.927485,0.0
2024-04-08 05:00:00,12.663,0.0,0.0,0.0,6.9584484,0.0
2024-04-08 06:00:00,12.363,0.0,0.0,0.0,6.0299253,0.0
2024-04-08 07:00:00,12.113,0.0,0.0,0.0,6.0207973,0.589
2024-04-08 08:00:00,12.763,104.71209,68.4656,188.87671,6.0133185,61.783
2024-04-08 09:00:00,14.113,278.37338,133.24982,464.27402,6.4031243,101.609
2024-04-08 10:00:00,15.313,418.66626,184.11934,464.75345,7.0114193,284.30400000000003
2024-04-08 11:00:00,16.013,564.626,222.76259,512.2377,6.6068144,362.586
2024-04-08 12:00:00,16.363,663.00464,237.92033,538.30566,7.324616,375.071
2024-04-08 13:00:00,16.563002,750.1604,249.37212,580.16547,7.4330344,514.921
2024-04-08 14:00:00,15.963,688.20624,259.4389,485.61948,7.170077,318.21
2024-04-08 15:00:00,15.662999,623.5988,257.67755,431.72543,6.8883963,354.471
2024-04-08 16:00:00,15.513,482.41006,210.82425,357.5582,7.2993145,199.562
2024-04-08 17:00:00,15.263,393.56476,193.2995,320.48688,7.5538073,553.62
2024-04-08 18:00:00,14.313,232.59338,108.017944,275.16022,7.723341,303.132
2024-04-08 19:00:00,13.313,89.24794,50.238907,153.04605,6.2128897,55.925
2024-04-08 20:00:00,12.863,0.0,0.0,0.0,5.234501,0.002
2024-04-08 21:00:00,12.663,0.0,0.0,0.0,5.0447993,0.0
2024-04-08 22:00:00,12.663,0.0,0.0,0.0,5.0635953,0.0
2024-04-08 23:00:00,13.013,0.0,0.0,0.0,4.883646,0.0
2024-04-09 00:00:00,12.763,0.0,0.0,0.0,3.4525354,0.0
2024-04-09 01:00:00,12.463,0.0,0.0,0.0,2.745906,0.0
2024-04-09 02:00:00,12.463,0.0,0.0,0.0,2.745906,0.0
2024-04-09 03:00:00,12.163,0.0,0.0,0.0,3.1400635,0.0
2024-04-09 04:00:00,12.163,0.0,0.0,0.0,3.275668,0.0
2024-04-09 05:00:00,12.063,0.0,0.0,0.0,3.3734255,0.0
2024-04-09 06:00:00,11.913,0.0,0.0,0.0,3.535534,0.0
2024-04-09 07:00:00,12.163,0.0,0.0,0.0,4.0112343,1.473
2024-04-09 08:00:00,12.913,92.55584,66.95529,134.97003,4.7095647,116.642
2024-04-09 09:00:00,14.063,254.99715,128.81299,398.02292,6.203225,135.151
2024-04-09 10:00:00,15.313,443.81958,173.31213,531.6156,6.203225,541.472
2024-04-09 11:00:00,16.513,655.66547,199.45453,679.6359,6.618912,549.1899999999999
2024-04-09 12:00:00,17.213001,792.7288,206.1095,739.54156,7.2339478,482.117
2024-04-09 13:00:00,17.813002,847.0476,218.65886,725.2643,7.333485,729.655
2024-04-09 14:00:00,18.213001,827.7428,222.77766,682.8806,7.025667,590.739
2024-04-09 15:00:00,18.363,769.22675,197.33588,672.5509,6.8066144,274.786
2024-04-09 16:00:00,18.013,649.18713,171.2749,627.0545,6.6,689.08
2024-04-09 17:00:00,17.713001,484.39816,145.49368,540.17474,6.2,533.5219999999999
2024-04-09 18:00:00,16.713001,290.60632,102.65984,412.83163,6.200806,255.738
2024-04-09 19:00:00,15.412999,104.2058,49.423325,212.7522,4.909175,54.104
2024-04-09 20:00:00,13.913,0.0,0.0,0.0,3.3955853,0.0
2024-04-09 21:00:00,12.713,0.0,0.0,0.0,2.863564,0.0
2024-04-09 22:00:00,12.063,0.0,0.0,0.0,2.4351592,0.0
2024-04-09 23:00:00,11.463,0.0,0.0,0.0,2.1,0.0
2024-04-10 00:00:00,10.813,0.0,0.0,0.0,1.9026297,0.0
2024-04-10 01:00:00,10.463,0.0,0.0,0.0,2.3086793,0.0
2024-04-10 02:00:00,10.563,0.0,0.0,0.0,2.433105,0.0
2024-04-10 03:00:00,10.713,0.0,0.0,0.0,2.745906,0.0
2024-04-10 04:00:00,10.213,0.0,0.0,0.0,2.4020824,0.0
2024-04-10 05:00:00,10.713,0.0,0.0,0.0,2.942788,0.0
2024-04-10 06:00:00,11.263,0.0,0.0,0.0,3.2984846,0.0
2024-04-10 07:00:00,11.213,0.0,0.0,0.0,3.1622777,6.464
2024-04-10 08:00:00,12.813,123.438576,75.22038,256.85175,3.231099,141.836
2024-04-10 09:00:00,16.013,328.73322,125.73063,631.5535,3.3600597,386.293
2024-04-10 10:00:00,18.013,541.4127,147.3391,768.2266,4.8332186,613.643
2024-04-10 11:00:00,19.213001,720.15063,159.66643,830.25806,5.1478148,729.706
2024-04-10 12:00:00,20.463001,845.22144,165.87471,852.6834,5.162364,729.7660000000001
2024-04-10 13:00:00,21.413,907.1169,167.5306,850.4719,5.0695167,729.5459999999999
2024-04-10 14:00:00,21.963001,901.9112,164.34386,829.82465,5.4083266,729.6309999999999
2024-04-10 15:00:00,22.013,830.5635,155.19179,791.72754,5.7567353,729.806
2024-04-10 16:00:00,21.063002,699.9864,141.83934,729.8803,5.8189344,707.365
2024-04-10 17:00:00,20.363,523.9023,122.91218,636.61005,5.7974133,511.466
2024-04-10 18:00:00,19.213001,317.9481,94.11896,488.96582,5.700877,264.664
2024-04-10 19:00:00,17.413,114.55807,50.381557,246.74901,4.565085,47.066
2024-04-10 20:00:00,14.713,0.0,0.0,0.0,2.9681644,0.005
2024-04-10 21:00:00,13.163,0.0,0.0,0.0,2.147091,0.0
2024-04-10 22:00:00,12.313,0.0,0.0,0.0,2.118962,0.0
2024-04-10 23:00:00,11.463,0.0,0.0,0.0,1.7720045,0.0
2024-04-11 00:00:00,10.713,0.0,0.0,0.0,1.6763055,0.0
2024-04-11 01:00:00,10.213,0.0,0.0,0.0,1.6763055,0.0
2024-04-11 02:00:00,9.913,0.0,0.0,0.0,1.7088008,0.0
2024-04-11 03:00:00,9.863,0.0,0.0,0.0,1.9697715,0.0
2024-04-11 04:00:00,10.013,0.0,0.0,0.0,1.7088008,0.0
2024-04-11 05:00:00,9.913,0.0,0.0,0.0,1.9697715,0.0
2024-04-11 06:00:00,9.763,0.0,0.0,0.0,1.8788295,0.0
2024-04-11 07:00:00,9.813,0.0,0.0,0.0,1.8788295,7.452999999999999
2024-04-11 08:00:00,11.913,130.52122,81.33931,264.3801,2.1931713,145.101
2024-04-11 09:00:00,15.412999,335.41833,133.12323,620.9275,2.8999999,384.31
2024-04-11 10:00:00,18.213001,546.496,156.47534,754.3342,4.0496917,630.887
2024-04-11 11:00:00,19.763,705.32544,204.66542,737.5316,5.515433,729.599
2024-04-11 12:00:00,20.613,833.2547,201.71312,789.2735,5.7584724,729.474
2024-04-11 13:00:00,21.313002,847.6708,285.9612,643.60614,5.4230986,729.631
2024-04-11 14:00:00,21.863,853.31616,265.30014,659.4393,5.5036354,729.5609999999999
2024-04-11 15:00:00,21.463001,797.06256,195.43361,703.09076,5.905929,729.581
2024-04-11 16:00:00,20.613,684.4783,168.58617,672.41315,5.420332,718.896
2024-04-11 17:00:00,19.313002,502.39316,152.63681,553.11786,5.0477715,489.798
2024-04-11 18:00:00,17.613,311.30478,97.43127,464.70572,4.743417,263.019
2024-04-11 19:00:00,15.662999,113.55309,51.340492,236.85037,3.9698865,53.349
2024-04-11 20:00:00,13.363,0.0,0.0,0.0,2.9732137,0.0
2024-04-11 21:00:00,12.213,0.0,0.0,0.0,2.7658632,0.0
2024-04-11 22:00:00,11.563,0.0,0.0,0.0,2.4413111,0.0
2024-04-11 23:00:00,11.013,0.0,0.0,0.0,1.9209373,0.0
2024-04-12 00:00:00,10.063,0.0,0.0,0.0,1.3892444,0.0
2024-04-12 01:00:00,9.363,0.0,0.0,0.0,1.8027756,0.0
2024-04-12 02:00:00,9.113,0.0,0.0,0.0,1.603122,0.0
2024-04-12 03:00:00,9.113,0.0,0.0,0.0,1.4,0.0
2024-04-12 04:00:00,9.363,0.0,0.0,0.0,1.4317821,0.0
2024-04-12 05:00:00,9.413,0.0,0.0,0.0,1.6552945,0.0
2024-04-12 06:00:00,9.413,0.0,0.0,0.0,1.6552945,0.0
2024-04-12 07:00:00,9.713,0.0,0.0,0.0,2.0248456,16.32
2024-04-12 08:00:00,11.913,133.7441,81.7325,281.8406,2.6000001,161.306
2024-04-12 09:00:00,15.213,340.7894,127.47084,646.21124,2.745906,326.828
2024-04-12 10:00:00,17.513,551.58203,150.43147,769.8771,3.7443287,314.117
2024-04-12 11:00:00,19.213001,725.7179,164.93588,821.6198,4.356604,729.491
2024-04-12 12:00:00,20.763,851.9182,169.96138,848.69635,4.5793014,729.738
2024-04-12 13:00:00,21.963001,910.78284,170.51653,845.2172,4.770744,729.837
2024-04-12 14:00:00,22.113,900.74664,166.29169,821.0755,4.8010416,729.439
2024-04-12 15:00:00,21.463001,815.2948,167.65756,754.55945,5.0477715,370.652
2024-04-12 16:00:00,20.813002,652.3773,194.42319,594.9797,4.9648767,328.273
2024-04-12 17:00:00,19.613,489.58508,155.34073,526.5731,4.9396353,175.664
2024-04-12 18:00:00,18.013,296.70102,112.651184,397.78772,4.661545,129.737
2024-04-12 19:00:00,16.363,110.68179,54.124615,213.23985,3.538361,68.93599999999999
2024-04-12 20:00:00,14.213,0.0,0.0,0.0,2.8319604,0.0
2024-04-12 21:00:00,13.013,0.0,0.0,0.0,2.1931713,0.0
2024-04-12 22:00:00,12.313,0.0,0.0,0.0,1.8601075,0.0
2024-04-12 23:00:00,11.913,0.0,0.0,0.0,1.6155494,0.0
2024-04-13 00:00:00,11.263,0.0,0.0,0.0,1.360147,0.0
2024-04-13 01:00:00,10.763,0.0,0.0,0.0,1.4142135,0.0
2024-04-13 02:00:00,10.513,0.0,0.0,0.0,1.4035668,0.0
2024-04-13 03:00:00,10.563,0.0,0.0,0.0,1.6124516,0.0
2024-04-13 04:00:00,11.163,0.0,0.0,0.0,2.0223749,0.0
2024-04-13 05:00:00,11.313,0.0,0.0,0.0,2.2847319,0.0
2024-04-13 06:00:00,11.413,0.0,0.0,0.0,2.6832817,0.0
2024-04-13 07:00:00,11.613,0.0,0.0,0.0,2.8653097,7.898999999999999
2024-04-13 08:00:00,13.613,131.48792,80.35373,279.04227,3.1400635,132.172
2024-04-13 09:00:00,16.963001,333.19244,127.053925,616.51056,3.6069376,367.058
2024-04-13 10:00:00,19.363,543.86035,149.06665,751.96405,4.924429,581.3689999999999
2024-04-13 11:00:00,20.813002,719.72,161.52495,813.4934,5.7280016,729.674
2024-04-13 12:00:00,21.663,842.0819,167.78325,835.7167,6.113101,729.689
2024-04-13 13:00:00,22.263,903.43365,170.47844,833.9981,6.4031243,729.5050000000001
2024-04-13 14:00:00,22.413,897.6945,166.27638,815.1685,7.0092797,729.603
2024-04-13 15:00:00,22.363,827.7813,158.08324,777.9452,6.9857,729.643
2024-04-13 16:00:00,22.513,696.7582,143.7755,716.18134,6.113101,679.532
2024-04-13 17:00:00,21.913,520.4195,123.99256,622.1987,6.1611686,481.551
2024-04-13 18:00:00,20.313002,316.2107,95.339905,474.88077,6.2169123,247.353
2024-04-13 19:00:00,18.413,117.5406,52.036205,244.62599,4.964876,56.59
2024-04-13 20:00:00,16.313002,0.0,0.0,0.0,4.049691,0.0
2024-04-13 21:00:00,15.363,0.0,0.0,0.0,3.535534,0.0
2024-04-13 22:00:00,15.013,0.0,0.0,0.0,3.1144822,0.0
2024-04-13 23:00:00,14.763,0.0,0.0,0.0,3.535534,0.0
2024-04-14 00:00:00,15.063,0.0,0.0,0.0,3.8013155,0.0
2024-04-14 01:00:00,15.263,0.0,0.0,0.0,4.20119,0.0
2024-04-14 02:00:00,15.313,0.0,0.0,0.0,4.501111,0.0
2024-04-14 03:00:00,15.412999,0.0,0.0,0.0,4.804165,0.0
2024-04-14 04:00:00,16.113,0.0,0.0,0.0,4.7,0.0
2024-04-14 05:00:00,15.912999,0.0,0.0,0.0,4.6010866,0.0
2024-04-14 06:00:00,16.263,0.0,0.0,0.0,5.3009434,0.0
2024-04-14 07:00:00,16.463001,4.5375886,4.5375886,0.0,5.8034477,8.345
2024-04-14 08:00:00,17.363,136.59735,82.67734,296.06003,6.0033326,140.7
2024-04-14 09:00:00,18.813002,338.60028,129.23674,618.3951,6.0133185,376.375
2024-04-14 10:00:00,20.013,546.644,150.03633,749.85736,7.1112585,610.455
2024-04-14 11:00:00,20.713001,722.52606,162.51346,811.91626,7.723341,729.5120000000001
2024-04-14 12:00:00,21.463001,844.9185,168.77274,834.6435,7.8057675,729.7139999999999
2024-04-14 13:00:00,21.863,906.2988,171.46193,833.33966,8.2,729.8030000000001
2024-04-14 14:00:00,21.813002,900.5838,168.24092,813.7517,8.414867,729.7370000000001
2024-04-14 15:00:00,21.863,828.77313,159.04779,775.71906,8.329466,729.6090000000002
2024-04-14 16:00:00,21.563002,701.5192,144.72867,718.8899,7.532596,698.169
2024-04-14 17:00:00,21.113,525.9497,124.9349,627.0855,7.6118326,497.622
2024-04-14 18:00:00,20.063002,323.0407,97.07134,483.34906,7.4148498,257.725
2024-04-14 19:00:00,18.663,121.382484,52.989307,253.02339,6.576473,54.255
2024-04-14 20:00:00,17.513,0.0,0.0,0.0,6.280127,0.046
2024-04-14 21:00:00,16.963001,0.0,0.0,0.0,5.67186,0.0
2024-04-14 22:00:00,17.013,0.0,0.0,0.0,5.223983,0.0
2024-04-14 23:00:00,17.113,0.0,0.0,0.0,5.4,0.0
2024-04-15 00:00:00,17.213001,0.0,0.0,0.0,6.1073728,0.0
2024-04-15 01:00:00,17.263,0.0,0.0,0.0,6.8264194,0.0
2024-04-15 02:00:00,17.163,0.0,0.0,0.0,6.8359346,0.0
2024-04-15 03:00:00,16.763,0.0,0.0,0.0,6.0406957,0.0
2024-04-15 04:00:00,16.213001,0.0,0.0,0.0,4.6270943,0.0
2024-04-15 05:00:00,15.463,0.0,0.0,0.0,4.119466,0.0
2024-04-15 06:00:00,15.113,0.0,0.0,0.0,4.14367,0.0
2024-04-15 07:00:00,14.863,3.8229299,3.8229299,0.0,3.9623227,8.973
2024-04-15 08:00:00,16.563002,141.65244,84.991455,312.78595,4.002499,154.919
2024-04-15 09:00:00,19.113,350.4493,130.13008,642.91064,4.90408,402.137
2024-04-15 10:00:00,20.763,563.377,152.16988,771.87695,6.198387,622.033
2024-04-15 11:00:00,21.763,742.8966,164.60043,834.1886,6.040695,729.6310000000001
2024-04-15 12:00:00,22.613,867.79504,170.81749,856.99274,5.8872743,729.5619999999999
2024-04-15 13:00:00,23.613,929.57556,173.46634,854.66437,5.6859474,729.588
2024-04-15 14:00:00,23.913,923.26746,169.21622,835.423,5.9506307,729.624
2024-04-15 15:00:00,23.713001,849.8882,160.01277,796.7931,6.203225,729.6689999999999
2024-04-15 16:00:00,23.613,715.50323,145.68236,733.4934,5.0159745,689.2560000000001
2024-04-15 17:00:00,23.163,534.1061,125.8777,636.05994,4.1146083,487.439
2024-04-15 18:00:00,22.363,325.89987,97.21218,486.6904,2.8653097,248.32
2024-04-15 19:00:00,20.913,123.38748,53.94327,254.54382,1.421267,58.655
2024-04-15 20:00:00,17.563002,0.0,0.0,0.0,1.4866068,0.002
2024-04-15 21:00:00,16.063002,0.0,0.0,0.0,1.7029386,0.0
2024-04-15 22:00:00,17.063002,0.0,0.0,0.0,0.2,0.0
2024-04-15 23:00:00,15.412999,0.0,0.0,0.0,1.5,0.0
2024-04-16 00:00:00,14.663,0.0,0.0,0.0,1.6401219,0.0
2024-04-16 01:00:00,14.313,0.0,0.0,0.0,1.9849433,0.0
2024-04-16 02:00:00,13.263,0.0,0.0,0.0,1.6401219,0.0
2024-04-16 03:00:00,12.913,0.0,0.0,0.0,1.5,0.0
2024-04-16 04:00:00,13.263,0.0,0.0,0.0,1.6401219,0.0
2024-04-16 05:00:00,12.663,0.0,0.0,0.0,1.6970563,0.0
2024-04-16 06:00:00,11.913,0.0,0.0,0.0,1.6278821,0.0
2024-04-16 07:00:00,11.413,3.4285512,3.4285512,0.0,1.8439089,12.588
2024-04-16 08:00:00,13.563,143.16942,87.29842,309.86365,2.4166093,138.763
2024-04-16 09:00:00,17.363,292.89124,175.99165,337.12753,2.3086793,182.343
2024-04-16 10:00:00,20.063002,484.95285,222.75345,488.73172,3.3,586.277
2024-04-16 11:00:00,21.563002,638.2371,253.32092,552.50684,4.1231055,729.6289999999999
2024-04-16 12:00:00,21.513,541.7756,345.7245,240.14278,4.1761227,729.5590000000001
2024-04-16 13:00:00,21.263,486.62598,360.12363,142.53677,4.8703184,729.667
2024-04-16 14:00:00,21.263,467.0386,378.97412,97.289696,5.2000003,725.833
2024-04-16 15:00:00,20.013,240.50912,237.6345,3.3109336,4.88467,131.832
2024-04-16 16:00:00,20.063002,239.78299,235.17178,5.918175,3.905125,335.79200000000003
2024-04-16 17:00:00,19.763,208.16162,188.91978,29.8743,4.2201896,245.352
2024-04-16 18:00:00,18.563002,115.70448,114.10856,3.3795059,3.324154,204.58300000000003
2024-04-16 19:00:00,17.813002,67.37494,58.017307,33.988564,3.2893767,44.117
2024-04-16 20:00:00,15.662999,0.0,0.0,0.0,2.9120438,0.025
2024-04-16 21:00:00,14.413,0.0,0.0,0.0,2.529822,0.0
2024-04-16 22:00:00,13.663,0.0,0.0,0.0,2.5238857,0.0
2024-04-16 23:00:00,13.313,0.0,0.0,0.0,2.8017852,0.0
2024-04-17 00:00:00,13.513,0.0,0.0,0.0,2.4839485,0.0
2024-04-17 01:00:00,13.713,0.0,0.0,0.0,2.6400757,0.0
2024-04-17 02:00:00,13.763,0.0,0.0,0.0,2.5806975,0.0
2024-04-17 03:00:00,14.113,0.0,0.0,0.0,2.4758837,0.0
2024-04-17 04:00:00,14.963,0.0,0.0,0.0,2.7202942,0.0
2024-04-17 05:00:00,14.563,0.0,0.0,0.0,2.3430748,0.0
2024-04-17 06:00:00,14.063,0.0,0.0,0.0,2.3600848,0.0
2024-04-17 07:00:00,14.463,3.1781797,3.1781797,0.0,3.0870697,13.127
2024-04-17 08:00:00,16.163,139.5705,87.87772,287.84927,4.1303754,91.838
2024-04-17 09:00:00,18.163,340.73257,135.78064,584.345,4.604346,274.226
2024-04-17 10:00:00,19.713001,555.0596,148.32489,752.98206,5.4708314,489.109
2024-04-17 11:00:00,20.313002,704.6878,176.44594,754.60516,6.3560996,719.561
2024-04-17 12:00:00,20.813002,774.43854,209.67792,689.21063,6.428841,729.601
2024-04-17 13:00:00,21.313002,872.0802,184.61581,772.20654,6.868042,298.022
2024-04-17 14:00:00,21.363,876.61993,188.97789,757.56824,7.334848,280.91
2024-04-17 15:00:00,21.163,729.2282,209.85674,596.58923,6.264982,729.7239999999999
2024-04-17 16:00:00,19.963001,647.5568,173.41978,606.7632,5.903389,307.724
2024-04-17 17:00:00,18.513,420.9253,170.64539,387.22342,4.20119,209.69
2024-04-17 18:00:00,18.963001,267.69577,112.67195,326.66586,1.3601471,195.05100000000004
2024-04-17 19:00:00,19.613,98.52845,53.970997,160.39377,0.6324555,63.322
2024-04-17 20:00:00,17.313002,0.0,0.0,0.0,2.1931713,0.215
2024-04-17 21:00:00,15.363,0.0,0.0,0.0,1.8027756,0.0
2024-04-17 22:00:00,14.263,0.0,0.0,0.0,2.1400933,0.0
2024-04-17 23:00:00,13.713,0.0,0.0,0.0,2.4758837,0.0
2024-04-18 00:00:00,13.363,0.0,0.0,0.0,3.720215,0.0
2024-04-18 01:00:00,13.663,0.0,0.0,0.0,4.140048,0.0
2024-04-18 02:00:00,13.763,0.0,0.0,0.0,4.545327,0.0
2024-04-18 03:00:00,13.513,0.0,0.0,0.0,4.8259716,0.0
2024-04-18 04:00:00,13.213,0.0,0.0,0.0,3.482815,0.0
2024-04-18 05:00:00,13.513,0.0,0.0,0.0,3.6619666,0.0
2024-04-18 06:00:00,13.713,0.0,0.0,0.0,3.939543,0.0
2024-04-18 07:00:00,14.063,3.0050015,3.0050015,0.0,3.992493,11.902
2024-04-18 08:00:00,14.813,90.19903,76.584076,76.078255,4.6840153,45.46399999999999
2024-04-18 09:00:00,16.013,242.71173,163.51106,223.32411,4.588028,402.31
2024-04-18 10:00:00,17.963001,541.6844,184.0338,657.73663,5.096077,303.517
2024-04-18 11:00:00,18.863,575.0149,226.72015,495.23154,4.9497476,566.057
2024-04-18 12:00:00,19.313002,603.5345,266.48206,409.84384,4.368066,729.6859999999999
2024-04-18 13:00:00,19.113,544.56274,329.38907,240.97136,4.3908997,353.62200000000007
2024-04-18 14:00:00,18.663,506.5432,326.48294,197.83505,4.770744,695.385
2024-04-18 15:00:00,18.613,468.60825,302.8225,189.93262,5.4405885,562.171
2024-04-18 16:00:00,17.713001,343.2256,237.12091,135.40019,5.6035705,729.678
2024-04-18 17:00:00,17.063002,226.77481,164.60873,95.85178,5.60803,519.373
2024-04-18 18:00:00,16.863,168.8441,120.03135,102.36079,5.408327,252.005
2024-04-18 19:00:00,16.013,73.221855,58.70373,51.800755,4.909175,85.74600000000001
2024-04-18 20:00:00,14.463,0.0,0.0,0.0,4.5221677,0.416
2024-04-18 21:00:00,13.413,0.0,0.0,0.0,4.104875,0.0
2024-04-18 22:00:00,13.013,0.0,0.0,0.0,3.4,0.0
2024-04-18 23:00:00,12.763,0.0,0.0,0.0,2.6925824,0.0
2024-04-19 00:00:00,12.463,0.0,0.0,0.0,2.0615528,0.0
2024-04-19 01:00:00,12.363,0.0,0.0,0.0,1.421267,0.0
2024-04-19 02:00:00,12.013,0.0,0.0,0.0,1.6492423,0.0
2024-04-19 03:00:00,11.563,0.0,0.0,0.0,2.0615528,0.0
2024-04-19 04:00:00,13.063,0.0,0.0,0.0,2.2825425,0.0
2024-04-19 05:00:00,13.013,0.0,0.0,0.0,2.5,0.0
2024-04-19 06:00:00,12.613,0.0,0.0,0.0,2.2135942,0.0
2024-04-19 07:00:00,12.163,5.756736,5.756736,0.0,1.6552945,16.936
2024-04-19 08:00:00,13.063,142.98293,87.47191,311.10928,1.7029386,180.07299999999998
2024-04-19 09:00:00,15.563001,342.71936,131.22711,589.991,2.2022715,262.17
2024-04-19 10:00:00,17.813002,545.69995,157.23558,709.8223,3.482815,548.95
2024-04-19 11:00:00,19.313002,692.8925,187.17949,715.8148,4.3011627,708.4590000000001
2024-04-19 12:00:00,20.413,805.49243,209.53333,722.1334,4.482187,694.185
2024-04-19 13:00:00,21.413,793.24207,331.3672,515.7415,5.3814497,729.6239999999999
2024-04-19 14:00:00,21.063002,671.7185,374.93567,325.22427,5.2009616,716.342
2024-04-19 15:00:00,21.013,716.84686,314.33926,459.94995,5.6859474,615.644
2024-04-19 16:00:00,20.313002,615.54443,225.17667,496.7694,5.3758717,635.4119999999999
2024-04-19 17:00:00,19.363,496.72015,144.54819,541.1762,5.096077,453.5700000000001
2024-04-19 18:00:00,17.913,306.1023,108.17751,413.07278,5.0695167,232.141
2024-04-19 19:00:00,16.413,125.691185,55.862747,246.98636,4.3931766,41.18
2024-04-19 20:00:00,14.713,0.0,0.0,0.0,4.0261645,0.074
2024-04-19 21:00:00,14.063,0.0,0.0,0.0,3.2984846,0.0
2024-04-19 22:00:00,13.263,0.0,0.0,0.0,4.016217,0.0
2024-04-19 23:00:00,13.113,0.0,0.0,0.0,3.310589,0.0
2024-04-20 00:00:00,13.563,0.0,0.0,0.0,3.436568,0.0
2024-04-20 01:00:00,13.363,0.0,0.0,0.0,3.7161808,0.0
2024-04-20 02:00:00,13.063,0.0,0.0,0.0,5.307542,0.0
2024-04-20 03:00:00,11.663,0.0,0.0,0.0,5.964059,0.0
2024-04-20 04:00:00,10.663,0.0,0.0,0.0,6.4140472,0.0
2024-04-20 05:00:00,9.713,0.0,0.0,0.0,6.7675695,0.0
2024-04-20 06:00:00,9.813,0.0,0.0,0.0,7.119691,0.0
2024-04-20 07:00:00,10.863,5.5642724,5.5642724,0.0,6.7601776,9.161
2024-04-20 08:00:00,12.013,81.52731,61.56144,112.18023,6.8410525,64.83
2024-04-20 09:00:00,12.963,186.80838,153.76746,91.22282,6.618912,189.19200000000004
2024-04-20 10:00:00,16.013,479.27878,203.2604,501.22263,3.905125,194.332
2024-04-20 11:00:00,18.013,701.2459,204.57564,699.94073,1.9924859,729.752
2024-04-20 12:00:00,19.213001,824.1747,208.412,743.6045,1.6401219,350.64
2024-04-20 13:00:00,20.113,891.9839,201.8432,768.4499,2.5079873,729.6510000000001
2024-04-20 14:00:00,20.363,910.0783,178.05879,800.12646,3.6345563,295.975
2024-04-20 15:00:00,20.713001,848.1902,160.05397,784.375,3.0413814,729.62
2024-04-20 16:00:00,20.613,718.1425,146.7669,725.1454,2.5317976,726.406
2024-04-20 17:00:00,19.913,542.56573,127.09536,636.33704,2.184033,532.057
2024-04-20 18:00:00,18.613,324.1737,98.69645,468.36588,1.8973665,179.01000000000002
2024-04-20 19:00:00,17.113,128.9396,56.81002,252.9442,1.4866068,61.808
2024-04-20 20:00:00,14.863,0.0,0.0,0.0,2.059126,0.845
2024-04-20 21:00:00,13.513,0.0,0.0,0.0,2.302173,0.0
2024-04-20 22:00:00,13.213,0.0,0.0,0.0,1.8027756,0.0
2024-04-20 23:00:00,12.363,0.0,0.0,0.0,0.9055385,0.0
2024-04-21 00:00:00,11.763,0.0,0.0,0.0,0.86023253,0.0
2024-04-21 01:00:00,11.163,0.0,0.0,0.0,1.7204651,0.0
2024-04-21 02:00:00,10.663,0.0,0.0,0.0,1.4142135,0.0
2024-04-21 03:00:00,10.213,0.0,0.0,0.0,1.2041595,0.0
2024-04-21 04:00:00,10.463,0.0,0.0,0.0,2.1931713,0.0
2024-04-21 05:00:00,10.363,0.0,0.0,0.0,2.059126,0.0
2024-04-21 06:00:00,10.313,0.0,0.0,0.0,1.1313709,0.0
2024-04-21 07:00:00,9.863,8.120349,8.120349,0.0,1.4422206,16.951
2024-04-21 08:00:00,10.813,153.14883,97.158936,315.25122,1.2529964,168.847
2024-04-21 09:00:00,13.163,372.70264,138.17886,641.0544,1.8601075,430.18
2024-04-21 10:00:00,15.463,566.4545,169.59026,716.3371,2.758623,655.2810000000001
2024-04-21 11:00:00,17.313002,745.6845,171.6605,805.53046,3.9597979,729.7149999999999
2024-04-21 12:00:00,18.463001,858.63806,184.1442,811.862,4.4553337,729.8109999999999
2024-04-21 13:00:00,19.263,922.4094,181.42418,822.80475,4.8795495,729.787
2024-04-21 14:00:00,19.963001,918.93005,170.1356,816.4381,5.1623635,729.552
2024-04-21 15:00:00,20.363,845.36743,158.14697,781.42444,4.110961,729.767
2024-04-21 16:00:00,19.313002,714.61163,144.95352,721.0511,4.5254836,421.693
2024-04-21 17:00:00,18.363,501.6374,183.29059,485.99973,3.11127,209.23400000000004
2024-04-21 18:00:00,16.763,222.56766,173.55455,101.33957,2.4351592,61.533
2024-04-21 19:00:00,14.713,44.281223,42.997707,4.4630966,4.248529,40.706
2024-04-21 20:00:00,13.613,0.0,0.0,0.0,3.8483763,0.066
2024-04-21 21:00:00,12.113,0.0,0.0,0.0,3.1320918,0.0
2024-04-21 22:00:00,11.013,0.0,0.0,0.0,3.008322,0.0
2024-04-21 23:00:00,10.813,0.0,0.0,0.0,2.8231187,0.0
2024-04-22 00:00:00,10.863,0.0,0.0,0.0,2.6925824,0.0
2024-04-22 01:00:00,10.763,0.0,0.0,0.0,2.7802877,0.0
2024-04-22 02:00:00,10.313,0.0,0.0,0.0,2.2671568,0.0
2024-04-22 03:00:00,10.063,0.0,0.0,0.0,1.2727922,0.0
2024-04-22 04:00:00,12.763,0.0,0.0,0.0,1.8248286,0.0
2024-04-22 05:00:00,12.213,0.0,0.0,0.0,1.421267,0.0
2024-04-22 06:00:00,12.563,0.0,0.0,0.0,2.1213202,0.0
2024-04-22 07:00:00,12.263,7.938673,7.938673,0.0,1.6763055,13.378999999999998
2024-04-22 08:00:00,13.863,135.36253,97.85243,211.57533,2.1540658,123.075
2024-04-22 09:00:00,16.663,330.09116,163.1485,451.9479,2.34094,222.88
2024-04-22 10:00:00,18.813002,516.3227,220.12865,531.52515,3.238827,507.63999999999993
2024-04-22 11:00:00,20.413,726.70636,204.35202,730.0254,3.901282,511.95400000000006
2024-04-22 12:00:00,20.763,848.9088,196.71121,782.53955,4.2426405,409.03
2024-04-22 13:00:00,21.513,924.2979,174.26125,830.6479,4.535416,329.46000000000004
2024-04-22 14:00:00,21.763,922.8404,166.17062,823.0447,4.9040794,354.476
2024-04-22 15:00:00,21.813002,835.83777,172.53531,752.4391,4.9030604,325.105
2024-04-22 16:00:00,21.513,688.9168,175.4614,648.2268,4.669047,729.6430000000001
2024-04-22 17:00:00,20.763,508.92435,157.06459,535.4472,3.9319208,610.065
2024-04-22 18:00:00,19.913,330.6772,106.20289,462.0035,3.5128336,343.713
2024-04-22 19:00:00,18.313002,132.25293,62.578217,240.26176,3.0364454,84.707
2024-04-22 20:00:00,16.513,0.0,0.0,0.0,2.4413111,0.214
2024-04-22 21:00:00,15.662999,0.0,0.0,0.0,2.2203603,0.0
2024-04-22 22:00:00,15.412999,0.0,0.0,0.0,2.147091,0.0
2024-04-22 23:00:00,15.313,0.0,0.0,0.0,2.0248456,0.0
2024-04-23 00:00:00,15.163,0.0,0.0,0.0,1.9416487,0.0
2024-04-23 01:00:00,14.863,0.0,0.0,0.0,2.3086793,0.0
2024-04-23 02:00:00,15.363,0.0,0.0,0.0,2.3323808,0.0
2024-04-23 03:00:00,15.613,0.0,0.0,0.0,2.302173,0.0
2024-04-23 04:00:00,16.613,0.0,0.0,0.0,2.5238857,0.0
2024-04-23 05:00:00,16.263,0.0,0.0,0.0,1.8788295,0.0
2024-04-23 06:00:00,15.213,0.0,0.0,0.0,2.209072,0.0
2024-04-23 07:00:00,14.463,10.384365,10.384365,0.0,2.3086793,13.27
2024-04-23 08:00:00,17.163,172.90309,105.034584,383.37595,2.6,83.284
2024-04-23 09:00:00,20.063002,268.77148,217.03613,138.75058,2.1931713,250.752
2024-04-23 10:00:00,21.513,459.3955,262.51172,351.31165,4.2426405,629.035
2024-04-23 11:00:00,21.963001,407.39734,255.57903,211.33011,4.7801676,660.116
2024-04-23 12:00:00,22.563002,451.14432,344.93085,127.04667,4.8703184,532.0120000000001
2024-04-23 13:00:00,24.463001,895.62317,243.51984,720.32086,5.0695167,729.5340000000001
2024-04-23 14:00:00,23.313002,556.8433,359.03043,214.66031,4.8093657,542.768
2024-04-23 15:00:00,23.763,647.0515,359.47308,325.46616,5.6435804,508.02400000000006
2024-04-23 16:00:00,24.213001,538.5132,251.24458,361.74646,5.9774575,285.634
2024-04-23 17:00:00,24.363,499.53775,208.06757,442.15155,6.432729,260.272
2024-04-23 18:00:00,22.413,280.36014,142.59697,282.25638,7.200694,91.063
2024-04-23 19:00:00,20.313002,86.89393,68.73699,62.096252,5.186521,75.471
2024-04-23 20:00:00,19.513,0.0,0.0,0.0,3.905125,0.026
2024-04-23 21:00:00,19.263,0.0,0.0,0.0,4.535416,0.0
2024-04-23 22:00:00,18.913,0.0,0.0,0.0,3.8832974,0.0
2024-04-23 23:00:00,17.863,0.0,0.0,0.0,3.7443287,0.0
2024-04-24 00:00:00,17.513,0.0,0.0,0.0,3.383785,0.0
2024-04-24 01:00:00,16.663,0.0,0.0,0.0,3.1780498,0.0
2024-04-24 02:00:00,16.313002,0.0,0.0,0.0,2.758623,0.0
2024-04-24 03:00:00,15.963,0.0,0.0,0.0,2.1213202,0.0
2024-04-24 04:00:00,17.163,0.0,0.0,0.0,2.1931713,0.0
2024-04-24 05:00:00,16.763,0.0,0.0,0.0,0.70710677,0.0
2024-04-24 06:00:00,16.163,0.0,0.0,0.0,0.5,0.0
2024-04-24 07:00:00,15.113,10.214871,10.214871,0.0,2.0223749,16.452
2024-04-24 08:00:00,16.463001,126.539474,112.12359,81.53102,1.811077,86.887
2024-04-24 09:00:00,18.413,268.17593,206.48288,163.94783,1.5132746,221.51
2024-04-24 10:00:00,20.513,473.90454,279.51166,344.947,2.1540658,369.662
2024-04-24 11:00:00,22.813002,669.1854,295.8389,517.6696,3.1827662,601.052
2024-04-24 12:00:00,25.063002,821.07477,258.62277,670.7435,3.8418746,621.324
2024-04-24 13:00:00,26.263,865.94244,293.40167,630.83655,3.4985712,729.5989999999999
2024-04-24 14:00:00,26.213001,818.90967,330.33313,528.9715,3.577709,729.6060000000001
2024-04-24 15:00:00,25.763,788.0203,275.13605,579.13336,3.7161808,729.683
2024-04-24 16:00:00,24.163,647.6578,272.55212,471.17227,4.3011627,729.829
2024-04-24 17:00:00,22.563002,518.2483,178.31256,514.06946,4.263801,427.924
2024-04-24 18:00:00,20.813002,326.7101,121.003746,419.57748,3.753665,121.652
2024-04-24 19:00:00,19.113,116.00908,83.42226,110.5395,3.0413814,59.562
2024-04-24 20:00:00,17.613,0.0,0.0,0.0,1.4764823,0.3349999999999999
2024-04-24 21:00:00,16.063002,0.0,0.0,0.0,1.5811388,0.0
2024-04-24 22:00:00,14.963,0.0,0.0,0.0,1.6155494,0.0
2024-04-24 23:00:00,14.763,0.0,0.0,0.0,1.3152945,0.0
2024-04-25 00:00:00,14.363,0.0,0.0,0.0,1.0,0.0
2024-04-25 01:00:00,13.763,0.0,0.0,0.0,0.64031243,0.0
2024-04-25 02:00:00,13.263,0.0,0.0,0.0,0.8062258,0.0
2024-04-25 03:00:00,12.863,0.0,0.0,0.0,0.781025,0.0
2024-04-25 04:00:00,13.313,0.0,0.0,0.0,1.3038404,0.0
2024-04-25 05:00:00,12.813,0.0,0.0,0.0,1.3,0.0
2024-04-25 06:00:00,12.313,0.0,0.0,0.0,0.7615773,0.0
2024-04-25 07:00:00,13.363,10.070636,10.070636,0.0,0.72801095,17.636000000000003
2024-04-25 08:00:00,15.563001,146.12927,112.77368,188.82971,1.3416408,195.019
2024-04-25 09:00:00,17.713001,300.2624,216.08841,221.70003,1.56205,187.883
2024-04-25 10:00:00,19.563002,453.921,297.63428,275.82852,1.3038405,387.303
2024-04-25 11:00:00,21.363,740.86163,204.03702,741.5083,2.5238857,665.3910000000001
2024-04-25 12:00:00,21.463001,683.1586,361.54855,382.40152,3.3241541,729.4929999999999
2024-04-25 13:00:00,21.863,922.8558,190.47906,804.95605,4.103657,729.8899999999999
2024-04-25 14:00:00,22.013,927.66437,167.13782,821.5603,4.8104053,729.6260000000001
2024-04-25 15:00:00,21.713001,862.85846,154.35579,798.23535,5.2801514,729.597
2024-04-25 16:00:00,21.413,733.75073,142.31438,741.077,5.5803227,684.336
2024-04-25 17:00:00,20.563002,556.3128,123.03917,653.21204,5.269725,497.196
2024-04-25 18:00:00,18.513,355.4063,100.159966,518.32135,3.5468295,77.841
2024-04-25 19:00:00,16.163,150.6403,60.25612,304.13214,2.147091,69.88199999999999
2024-04-25 20:00:00,13.763,0.0,0.0,0.0,1.5231546,2.1740000000000004
2024-04-25 21:00:00,12.363,0.0,0.0,0.0,1.3038405,0.0
2024-04-25 22:00:00,11.513,0.0,0.0,0.0,0.9433981,0.0
2024-04-25 23:00:00,10.663,0.0,0.0,0.0,1.0816654,0.0
2024-04-26 00:00:00,9.963,0.0,0.0,0.0,1.1661904,0.0
2024-04-26 01:00:00,9.613,0.0,0.0,0.0,0.82462114,0.0
2024-04-26 02:00:00,9.363,0.0,0.0,0.0,0.9055385,0.0
2024-04-26 03:00:00,8.963,0.0,0.0,0.0,0.60827625,0.0
2024-04-26 04:00:00,9.763,0.0,0.0,0.0,0.84852815,0.0
2024-04-26 05:00:00,9.113,0.0,0.0,0.0,0.92195445,0.0
2024-04-26 06:00:00,8.563,0.0,0.0,0.0,1.5132746,0.0
2024-04-26 07:00:00,8.763,14.918537,12.432114,13.770951,0.8062258,23.636
2024-04-26 08:00:00,11.213,184.3531,97.69138,482.74124,0.82462114,194.107
2024-04-26 09:00:00,13.563,402.4364,134.14546,700.5031,1.0630146,454.825
2024-04-26 10:00:00,15.813001,614.23773,152.69835,810.26666,0.86023253,673.1030000000001
2024-04-26 11:00:00,17.913,785.211,164.6762,853.9518,1.555635,729.7239999999999
2024-04-26 12:00:00,19.663,900.46826,169.16615,867.0372,2.5495098,729.7759999999998
2024-04-26 13:00:00,20.713001,957.35077,171.10098,862.0888,3.2557642,729.864
2024-04-26 14:00:00,20.713001,946.41974,166.14265,841.0512,3.9698865,729.6289999999999
2024-04-26 15:00:00,20.013,868.67566,160.12013,796.5521,4.9819674,729.804
2024-04-26 16:00:00,19.713001,731.1482,146.9691,730.21326,4.9819674,667.253
2024-04-26 17:00:00,18.613,554.84686,126.62115,643.6509,4.920366,538.273
2024-04-26 18:00:00,16.963001,351.01163,97.86269,511.81543,5.10392,298.759
2024-04-26 19:00:00,14.913,147.41983,59.8893,292.18988,4.743417,74.624
2024-04-26 20:00:00,13.263,0.0,0.0,0.0,3.4409301,2.7550000000000003
2024-04-26 21:00:00,12.263,0.0,0.0,0.0,2.7802877,0.0
2024-04-26 22:00:00,11.513,0.0,0.0,0.0,2.1400933,0.0
2024-04-26 23:00:00,11.163,0.0,0.0,0.0,1.6492423,0.0
2024-04-27 00:00:00,10.863,0.0,0.0,0.0,1.2041595,0.0
2024-04-27 01:00:00,10.563,0.0,0.0,0.0,1.2165525,0.0
2024-04-27 02:00:00,10.163,0.0,0.0,0.0,1.2041595,0.0
2024-04-27 03:00:00,9.713,0.0,0.0,0.0,1.5297059,0.0
2024-04-27 04:00:00,8.463,0.0,0.0,0.0,1.6124516,0.0
2024-04-27 05:00:00,8.313,0.0,0.0,0.0,1.8,0.0
2024-04-27 06:00:00,8.363,0.0,0.0,0.0,1.7720045,0.0
2024-04-27 07:00:00,8.963,17.214685,14.755444,13.740819,1.3,30.273000000000003
2024-04-27 08:00:00,11.613,187.63614,96.94534,495.33676,2.3345234,200.447
2024-04-27 09:00:00,13.863,401.6177,138.87715,680.21564,2.9410882,450.197
2024-04-27 10:00:00,15.912999,612.53705,152.56073,803.3662,3.9560082,668.9019999999999
2024-04-27 11:00:00,17.663,787.01385,163.50703,854.9352,4.707441,729.712
2024-04-27 12:00:00,19.313002,898.1236,168.06992,863.1354,4.976947,729.595
2024-04-27 13:00:00,20.413,954.16266,170.05888,857.7209,4.9658837,729.623
2024-04-27 14:00:00,20.913,943.4207,166.13698,836.0362,5.280152,729.7370000000001
2024-04-27 15:00:00,20.663,865.8658,157.2558,794.91254,5.3310413,729.606
2024-04-27 16:00:00,20.263,727.6201,147.92784,722.8846,4.606517,713.5709999999999
2024-04-27 17:00:00,18.963001,545.46014,131.96617,619.6582,5.420332,520.014
2024-04-27 18:00:00,17.563002,348.22034,100.41703,498.84424,5.456189,277.791
2024-04-27 19:00:00,16.213001,146.1334,60.172577,284.6986,4.7853947,65.003
2024-04-27 20:00:00,14.363,0.0,0.0,0.0,3.2449963,2.931
2024-04-27 21:00:00,12.913,0.0,0.0,0.0,2.8653097,0.0
2024-04-27 22:00:00,12.113,0.0,0.0,0.0,2.5942245,0.0
2024-04-27 23:00:00,11.813,0.0,0.0,0.0,2.376973,0.0
2024-04-28 00:00:00,11.713,0.0,0.0,0.0,2.7892652,0.0
2024-04-28 01:00:00,11.613,0.0,0.0,0.0,2.657066,0.0
2024-04-28 02:00:00,11.313,0.0,0.0,0.0,2.6000001,0.0
2024-04-28 03:00:00,11.063,0.0,0.0,0.0,2.7730849,0.0
2024-04-28 04:00:00,11.163,0.0,0.0,0.0,2.529822,0.0
2024-04-28 05:00:00,11.213,0.0,0.0,0.0,2.2561028,0.0
2024-04-28 06:00:00,11.263,0.0,0.0,0.0,2.6925824,0.0
2024-04-28 07:00:00,11.963,17.048216,14.612757,13.703796,3.1622777,17.537
2024-04-28 08:00:00,14.213,175.40208,97.79054,415.92715,4.295346,194.204
2024-04-28 09:00:00,16.163,382.09525,146.09525,605.9648,5.261178,348.771
2024-04-28 10:00:00,17.413,591.3712,163.88776,742.875,6.1846585,171.473
2024-04-28 11:00:00,18.313002,774.6602,168.87811,827.7038,6.484597,729.744
2024-04-28 12:00:00,19.363,889.4858,184.82822,830.842,6.456005,729.641
2024-04-28 13:00:00,20.263,942.8345,180.21782,832.31354,6.360031,729.668
2024-04-28 14:00:00,21.063002,942.403,169.09854,830.0258,6.5520988,729.703
2024-04-28 15:00:00,20.663,866.8931,161.10403,790.0961,6.9123073,729.58
2024-04-28 16:00:00,19.463001,722.2413,154.43571,706.41254,6.6219335,720.826
2024-04-28 17:00:00,18.813002,544.86456,134.67574,612.9034,6.360031,522.968
2024-04-28 18:00:00,17.613,354.33585,103.78716,502.2207,6.203225,282.044
2024-04-28 19:00:00,15.613,152.12387,61.779564,296.89987,5.3712196,68.328
2024-04-28 20:00:00,14.013,0.0,0.0,0.0,3.758989,3.218
2024-04-28 21:00:00,12.913,0.0,0.0,0.0,3.0870697,0.0
2024-04-28 22:00:00,12.463,0.0,0.0,0.0,3.6359317,0.0
2024-04-28 23:00:00,12.413,0.0,0.0,0.0,4.1146083,0.0
2024-04-29 00:00:00,12.213,0.0,0.0,0.0,3.7,0.0
2024-04-29 01:00:00,11.913,0.0,0.0,0.0,3.4785054,0.0
2024-04-29 02:00:00,11.313,0.0,0.0,0.0,3.577709,0.0
2024-04-29 03:00:00,11.163,0.0,0.0,0.0,3.757659,0.0
2024-04-29 04:00:00,11.313,0.0,0.0,0.0,3.7,0.0
2024-04-29 05:00:00,11.063,0.0,0.0,0.0,3.2695565,0.0
2024-04-29 06:00:00,10.813,0.0,0.0,0.0,3.176476,0.0
2024-04-29 07:00:00,11.463,19.315826,16.901348,13.660761,3.6891732,23.508
2024-04-29 08:00:00,14.413,172.63963,98.65122,389.31952,4.294182,79.18
2024-04-29 09:00:00,17.113,375.1324,153.2933,565.053,5.1078367,237.16600000000005
2024-04-29 10:00:00,18.613,558.8036,180.9241,653.4723,5.6859474,181.453
2024-04-29 11:00:00,19.463001,716.5877,191.67088,714.7567,6.332456,297.872
2024-04-29 12:00:00,20.463001,845.16254,214.17784,742.0082,6.76757,215.292
2024-04-29 13:00:00,21.113,906.06274,205.6457,762.7343,6.928925,724.3299999999999
2024-04-29 14:00:00,21.313002,891.94586,215.57007,724.51685,7.116881,375.489
2024-04-29 15:00:00,21.163,820.9298,191.80603,702.83795,6.926038,729.743
2024-04-29 16:00:00,20.513,696.5108,169.27155,654.44574,6.5551505,311.369
2024-04-29 17:00:00,19.513,537.2211,140.02977,591.77026,6.514599,253.858
2024-04-29 18:00:00,18.113,337.72934,107.97597,458.59866,6.198387,145.682
2024-04-29 19:00:00,16.563002,139.46584,63.393562,248.08772,5.2810984,100.246
2024-04-29 20:00:00,15.013,0.0,0.0,0.0,4.9335585,2.129
2024-04-29 21:00:00,14.163,0.0,0.0,0.0,4.1761227,0.0
2024-04-29 22:00:00,13.963,0.0,0.0,0.0,4.0521603,0.0
2024-04-29 23:00:00,13.813,0.0,0.0,0.0,4.414748,0.0
2024-04-30 00:00:00,13.813,0.0,0.0,0.0,4.4553337,0.0
2024-04-30 01:00:00,13.863,0.0,0.0,0.0,4.341659,0.0
2024-04-30 02:00:00,13.813,0.0,0.0,0.0,4.119466,0.0
2024-04-30 03:00:00,13.463,0.0,0.0,0.0,4.14367,0.0
2024-04-30 04:00:00,13.213,0.0,0.0,0.0,3.9217343,0.0
2024-04-30 05:00:00,12.863,0.0,0.0,0.0,4.14367,0.0
2024-04-30 06:00:00,12.613,0.0,0.0,0.0,4.6173587,0.0
2024-04-30 07:00:00,12.463,19.16691,16.771046,13.60765,5.096077,22.306
2024-04-30 08:00:00,13.663,160.77312,99.526215,316.64035,6.0016665,141.214
2024-04-30 09:00:00,15.113,354.53317,160.4729,490.46198,7.236712,115.51
2024-04-30 10:00:00,16.013,530.8799,211.66548,549.4066,7.3164196,729.61
2024-04-30 11:00:00,17.113,671.6389,261.2534,556.9446,7.3164196,319.30800000000005
2024-04-30 12:00:00,17.763,802.96735,272.90393,621.7289,7.531268,457.807
2024-04-30 13:00:00,18.413,856.07214,269.74924,637.1142,7.5802374,729.643
2024-04-30 14:00:00,18.713001,868.1929,290.71606,617.3598,7.746612,729.727
2024-04-30 15:00:00,18.813002,797.97943,207.16774,658.7243,7.6118326,729.7139999999999
2024-04-30 16:00:00,18.463001,658.74084,216.49629,547.7161,7.256721,728.871
2024-04-30 17:00:00,17.763,509.30182,150.6758,532.7955,6.888396,308.621
2024-04-30 18:00:00,17.063002,332.456,116.23767,429.79016,6.1846585,381.672
2024-04-30 19:00:00,16.013,140.08179,68.36527,232.12016,5.6044626,81.24000000000001
2024-04-30 20:00:00,14.513,0.65205425,0.4474882,1.0870008,5.1662364,2.878000000000001
2024-04-30 21:00:00,13.613,0.0,0.0,0.0,5.021952,0.0
2024-04-30 22:00:00,13.613,0.0,0.0,0.0,4.707441,0.0
2024-04-30 23:00:00,13.413,0.0,0.0,0.0,4.7169905,0.0
