active_power,poa_global,cos_aoi,dni,dhi,temperature,wind_speed
0.0,0.0,0.0,0.0,0.0,13.513,1.2206556
0.0,0.0,0.0,0.0,0.0,13.663,1.9798989
0.0,0.0,0.0,0.0,0.0,13.313,2.1213202
0.0,0.0,0.0,0.0,0.0,13.613,2.1931713
0.0,0.0,0.0,0.0,0.0,13.313,2.0
0.0,0.0,0.0,0.0,0.0,12.963,1.7
0.0,0.0,0.0,0.0,0.0,12.863,1.6124516
13.857,8.097291403932473,0.16732316494741897,0.0,8.284651,12.863,1.9104972
85.935,285.5144725979343,0.3938395374370033,545.074,71.76493,16.113,2.8178005
356.954,537.8931244077372,0.589080784137909,746.97284,98.231346,19.413,3.1622777
658.0759999999999,682.2694842290194,0.7397398931906154,757.8236,121.70262,21.513,3.8587563
785.0169999999999,740.1687430269351,0.8355496049696989,693.18384,161.58832,23.163,4.2426405
460.332,796.0849167084533,0.8699821662989169,766.94055,128.06348,23.963001,4.1868844
642.965,731.8285134653183,0.8406940329025306,721.38336,124.69753,24.213001,4.404543
0.0,624.6027171995001,0.7496851907465213,685.0845,110.452255,24.163,4.3266616
367.917,447.1708869079613,0.6031622235541463,588.9396,91.84679,23.163,3.5341196
207.791,243.72083416028443,0.41111452911723817,433.42343,65.89387,21.813002,3.0870697
12.207,47.413564511107914,0.1866326921813494,143.5799,20.906332,20.113,2.2022715
0.0,0.0,0.0,0.0,0.0,18.463001,1.8601075
0.0,0.0,0.0,0.0,0.0,17.663,1.8867962
0.0,0.0,0.0,0.0,0.0,17.063002,2.1260293
0.0,0.0,0.0,0.0,0.0,16.863,1.8867962
0.0,0.0,0.0,0.0,0.0,16.363,1.3928387
0.0,0.0,0.0,0.0,0.0,15.912999,1.7204651
0.0,0.0,0.0,0.0,0.0,15.963,1.8384775
0.0,0.0,0.0,0.0,0.0,15.912999,1.3453624
0.0,0.0,0.0,0.0,0.0,15.713,1.2206556
0.0,0.0,0.0,0.0,0.0,16.063002,1.029563
0.0,0.0,0.0,0.0,0.0,16.163,1.4142135
0.0,0.0,0.0,0.0,0.0,15.863,1.118034
0.0,0.0,0.0,0.0,0.0,15.713,1.3601471
20.584,5.545538275706229,0.16568655675579916,0.0,5.673854,15.813001,2.0518284
131.37,115.4273999564049,0.39186452108484937,48.217796,98.70274,17.163,2.6907248
172.564,248.65889091428647,0.586806387060093,122.34876,180.64874,18.563002,3.1400635
388.908,325.2403294405614,0.7372258987565193,142.94905,224.41982,20.313002,3.04795
597.009,515.3094778456333,0.832872434293815,301.40656,269.0461,22.213001,3.535534
651.86,522.254089884654,0.8672296078119099,286.7463,278.50613,23.513,3.8275318
721.8259999999999,604.2828910700271,0.8379591832558491,492.22754,193.83557,24.513,3.7735925
603.602,647.3537735654752,0.7470600256531359,737.15393,95.557526,24.263,4.8600416
462.233,455.9983847652425,0.6007312429712044,627.10095,78.763794,24.113,4.2520585
237.415,252.98447302130484,0.40894891622633434,476.67633,58.133575,22.113,4.404543
29.484,47.75304722098031,0.18478539019848395,152.04974,19.912918,20.263,3.5468295
0.0,0.0,0.0,0.0,0.0,18.463001,2.8017852
0.0,0.0,0.0,0.0,0.0,17.213001,2.385372
0.0,0.0,0.0,0.0,0.0,16.563002,2.2472205
0.0,0.0,0.0,0.0,0.0,16.263,2.059126
0.0,0.0,0.0,0.0,0.0,15.963,2.1400933
0.0,0.0,0.0,0.0,0.0,15.713,2.5238857
0.0,0.0,0.0,0.0,0.0,15.563001,2.5238857
0.0,0.0,0.0,0.0,0.0,15.263,2.2022715
0.0,0.0,0.0,0.0,0.0,15.013,2.1931713
0.0,0.0,0.0,0.0,0.0,15.662999,2.624881
0.0,0.0,0.0,0.0,0.0,15.013,2.4758837
0.0,0.0,0.0,0.0,0.0,14.663,2.4758837
0.0,0.0,0.0,0.0,0.0,14.563,2.5553863
21.048,5.723913921595463,0.16401217931999562,0.0,5.856357,15.113,2.6925824
269.684,247.43070975000063,0.3898542982984093,437.6565,78.009605,17.313002,2.863564
511.9430000000001,451.12053867102,0.584503095906239,550.3361,131.0754,20.063002,3.130495
673.6869999999999,701.4179606407632,0.734692640025425,800.70935,112.86193,22.063002,3.130495
761.7239999999999,799.9676462804164,0.8301882860346448,820.30334,118.07931,23.663,3.9661064
775.061,824.8490383652126,0.8644841718899698,820.9204,113.85065,24.213001,4.816638
744.0799999999999,784.6410661450067,0.8352464013143981,813.96106,103.23392,24.263,5.020956
660.2620000000001,654.7658404013479,0.7444716916359863,748.4765,96.441765,24.713001,4.6010866
429.064,443.85068165561404,0.598350660671638,568.8614,103.75235,24.263,3.8948684
251.72000000000003,215.21308114461075,0.4068451404823202,313.67773,88.80321,23.213001,3.1384711
37.908,40.041533195961485,0.1830084500550486,76.28192,26.585363,21.013,2.376973
0.0,0.0,0.0,0.0,0.0,18.463001,2.236068
0.0,0.0,0.0,0.0,0.0,17.363,2.6925824
0.0,0.0,0.0,0.0,0.0,16.863,2.9154758
0.0,0.0,0.0,0.0,0.0,16.513,2.9068882
0.0,0.0,0.0,0.0,0.0,16.113,2.7294688
0.0,0.0,0.0,0.0,0.0,15.863,2.9681644
0.0,0.0,0.0,0.0,0.0,16.163,3.2202482
0.0,0.0,0.0,0.0,0.0,16.563002,2.9732137
0.0,0.0,0.0,0.0,0.0,16.363,2.408319
0.0,0.0,0.0,0.0,0.0,17.863,2.6000001
0.0,0.0,0.0,0.0,0.0,17.013,2.1095023
0.0,0.0,0.0,0.0,0.0,16.163,1.4142135
0.0,0.0,0.0,0.0,0.0,15.813001,1.2041595
20.279,5.946683750386859,0.16230048626865942,0.0,6.0842814,16.013,1.421267
243.81,273.2308147228336,0.38780975666480866,529.68414,68.685524,18.063002,2.34094
472.588,545.2615725788221,0.5821722026072831,777.98676,92.56562,21.913,2.5961509
632.743,704.7699369307236,0.7321417555736007,815.4583,107.30461,23.713001,4.0112343
738.18,790.526512608473,0.8274990636159598,811.5881,118.11988,24.763,4.9819674
755.808,827.668901787475,0.8617479266428644,831.3733,109.79392,25.463001,5.0695167
788.7919999999999,773.5631277626189,0.832557808293193,802.2549,104.19343,25.863,4.4777226
256.625,465.5972268121311,0.7419222477811436,344.67972,213.19073,24.963001,5.140039
546.827,295.2410249226325,0.5960223627376997,253.05106,146.82593,24.513,5.491812
107.495,163.7848991584659,0.4048048161422575,195.09323,86.26923,23.763,5.080354
38.873000000000005,28.093051133822463,0.18130313426300948,34.699524,22.2612,22.463001,5.021952
0.0,0.0,0.0,0.0,0.0,21.163,3.847077
0.0,0.0,0.0,0.0,0.0,19.963001,3.214032
0.0,0.0,0.0,0.0,0.0,19.013,2.9068885
0.0,0.0,0.0,0.0,0.0,18.463001,2.915476
0.0,0.0,0.0,0.0,0.0,18.113,2.0099752
0.0,0.0,0.0,0.0,0.0,17.713001,1.9313208
0.0,0.0,0.0,0.0,0.0,17.413,1.8357561
0.0,0.0,0.0,0.0,0.0,17.113,1.9104972
0.0,0.0,0.0,0.0,0.0,16.463001,1.3341664
0.0,0.0,0.0,0.0,0.0,17.713001,2.758623
0.0,0.0,0.0,0.0,0.0,17.213001,2.5612497
0.0,0.0,0.0,0.0,0.0,16.763,2.6400757
0.0,0.0,0.0,0.0,0.0,16.013,2.2022715
12.783,3.114822615758289,0.16055203359541995,0.0,3.1868951,15.313,1.6155494
169.86700000000002,243.91511270097703,0.38573188085183807,455.0939,69.35275,16.913,1.104536
383.214,497.9421552365831,0.579815084272382,693.2577,96.5195,19.163,1.5652475
618.248,658.3401623768366,0.7295749514639724,720.226,133.39262,21.063002,3.8183768
730.743,734.25519722054,0.8248067157556076,735.03766,127.74243,21.913,4.738143
773.0900000000001,762.0247902838137,0.8590229602839374,737.3031,128.105,22.263,5.315073
729.592,684.0133287617118,0.8298955190604715,665.6377,131.44211,22.313002,5.60803
661.432,560.5826390177339,0.7394137209336824,605.1882,113.03532,22.163,5.481788
482.44000000000005,443.79607788620075,0.5937481794213939,611.68555,80.23817,22.313002,4.482187
125.098,237.66441928485676,0.4028294819482066,447.51276,57.57911,21.013,4.031129
25.598000000000003,40.14796383446,0.1796706154137323,129.97955,17.013922,19.313002,2.9410884
0.0,0.0,0.0,0.0,0.0,17.913,2.7658632
0.0,0.0,0.0,0.0,0.0,17.163,2.4839485
0.0,0.0,0.0,0.0,0.0,16.763,2.1931713
0.0,0.0,0.0,0.0,0.0,16.113,1.8973665
0.0,0.0,0.0,0.0,0.0,15.363,1.431782
0.0,0.0,0.0,0.0,0.0,14.563,1.0816654
0.0,0.0,0.0,0.0,0.0,14.013,0.98994946
0.0,0.0,0.0,0.0,0.0,14.163,1.0
0.0,0.0,0.0,0.0,0.0,13.963,1.0630146
0.0,0.0,0.0,0.0,0.0,14.063,1.104536
0.0,0.0,0.0,0.0,0.0,13.563,1.0630146
0.0,0.0,0.0,0.0,0.0,12.863,1.1401755
0.0,0.0,0.0,0.0,0.0,12.613,0.7
14.657,3.301126513384533,0.1587674723435636,0.0,3.3775098,13.013,0.7615773
251.751,257.17411334100973,0.38362174511295827,498.92975,66.6368,15.563001,2.0124612
125.495,531.2773229578713,0.5774331959607512,759.6415,92.95707,19.613,2.236068
325.704,633.3010760233144,0.7269939947373989,717.13544,112.00762,21.963001,4.263801
818.1240000000001,657.0843335156507,0.8221132309801251,640.23956,130.98378,22.613,4.9396353
414.137,639.238257835417,0.8563113769538264,572.78204,149.47134,22.613,4.8877397
425.395,618.1086935756058,0.8272616394718686,567.9829,148.9501,23.163,4.8010416
196.249,510.8784058725353,0.736948104616068,503.59775,140.77231,23.163,4.763402
127.59300000000002,349.88432494687464,0.5915298856543255,399.69147,114.63088,23.063002,3.753665
174.899,196.86525189133255,0.40092060312088756,298.38947,78.26871,21.963001,3.2449963
14.942,33.92493022987139,0.17811197934403117,97.5235,16.811039,20.463001,1.9723083
0.0,0.0,0.0,0.0,0.0,18.963001,2.1633308
0.0,0.0,0.0,0.0,0.0,18.363,1.8027756
0.0,0.0,0.0,0.0,0.0,18.013,1.6278821
0.0,0.0,0.0,0.0,0.0,17.463001,1.0
0.0,0.0,0.0,0.0,0.0,16.563002,0.9433981
0.0,0.0,0.0,0.0,0.0,15.513,1.2041595
0.0,0.0,0.0,0.0,0.0,14.513,0.9055385
0.0,0.0,0.0,0.0,0.0,13.863,0.6708204
0.0,0.0,0.0,0.0,0.0,13.613,0.89442724
0.0,0.0,0.0,0.0,0.0,14.713,1.0
0.0,0.0,0.0,0.0,0.0,13.813,1.0
0.0,0.0,0.0,0.0,0.0,12.863,1.0198039
0.0,0.0,0.0,0.0,0.0,13.613,0.36055514
12.425,3.558071381265883,0.15694754186968957,0.0,3.6404,14.663,0.44721362
283.992,254.59174329028934,0.38148050643048886,493.17853,67.338844,15.463,0.3
501.643,548.8674924571148,0.5750280640777151,795.0982,91.90097,18.563002,0.22360681
660.5390000000001,724.9294457486436,0.7244007073758753,863.7334,98.514786,20.963001,0.44721362
741.758,819.4029987565335,0.8194206324759971,872.2442,103.335,22.763,0.8062258
759.659,837.5022327242376,0.853615292707822,860.0252,101.69271,23.813002,1.6124516
720.4279999999999,777.0906850035511,0.8246582636277735,821.1673,98.31592,23.963001,2.4
620.4939999999999,644.9828292574866,0.7345273576423138,755.44556,88.87309,23.813002,2.3086793
484.91,459.1267608090351,0.5893692009771085,648.06775,76.63037,23.663,1.3416408
144.882,240.82793833479312,0.3990795724722065,465.93823,54.98794,22.413,0.9055385
15.759,36.38105056247655,0.1766282273018259,119.24662,15.518133,19.863,0.92195445
0.0,0.0,0.0,0.0,0.0,17.913,2.2825425
0.0,0.0,0.0,0.0,0.0,16.663,2.118962
0.0,0.0,0.0,0.0,0.0,16.513,1.868154
0.0,0.0,0.0,0.0,0.0,16.013,1.5231546
0.0,0.0,0.0,0.0,0.0,15.063,1.118034
0.0,0.0,0.0,0.0,0.0,14.013,1.8
0.0,0.0,0.0,0.0,0.0,13.263,1.421267
0.0,0.0,0.0,0.0,0.0,12.663,1.0630146
0.0,0.0,0.0,0.0,0.0,12.313,1.2041595
0.0,0.0,0.0,0.0,0.0,13.363,1.2083046
0.0,0.0,0.0,0.0,0.0,12.613,1.3601471
0.0,0.0,0.0,0.0,0.0,12.963,1.4142135
0.0,0.0,0.0,0.0,0.0,14.263,1.3453624
4.475,3.9334027568147785,0.15509306509870405,0.0,4.024416,13.813,1.2041595
345.722,246.43412698192267,0.37930939949560266,477.1401,66.33205,14.313,0.60827625
505.495,542.9246732634084,0.572601281259588,789.95245,90.844185,17.813002,0.31622776
658.2400000000001,723.2185975777631,0.7217969613352014,864.395,98.60034,20.063002,1.5033296
815.0010000000002,815.1334494443266,0.816730973492469,867.34784,105.50639,21.463001,2.7892652
779.523,829.7292710612126,0.8509368314366444,852.48663,102.72227,21.763,3.6055512
739.643,750.4462168795817,0.8220874704638608,770.819,115.82639,21.663,3.8626416
544.2669999999999,582.2798776080692,0.7321534014537054,608.9386,136.95964,21.413,3.8999999
205.73,357.41782431947183,0.5872677876456728,358.81943,148.80861,21.013,3.8078864
256.312,180.49180344558295,0.3973077093037624,219.69395,94.819565,20.063002,3.3286633
15.245,32.30750196316893,0.17522027559581047,92.72793,16.310726,18.463001,1.9235384
0.0,0.0,0.0,0.0,0.0,16.513,1.1401755
0.0,0.0,0.0,0.0,0.0,15.662999,0.8062258
0.0,0.0,0.0,0.0,0.0,14.913,0.86023253
0.0,0.0,0.0,0.0,0.0,14.013,0.6708204
0.0,0.0,0.0,0.0,0.0,13.513,0.6
0.0,0.0,0.0,0.0,0.0,13.513,1.118034
0.0,0.0,0.0,0.0,0.0,12.963,1.6155494
0.0,0.0,0.0,0.0,0.0,12.813,1.3892444
0.0,0.0,0.0,0.0,0.0,12.913,1.4764823
0.0,0.0,0.0,0.0,0.0,13.313,1.9235384
0.0,0.0,0.0,0.0,0.0,13.163,1.7492856
0.0,0.0,0.0,0.0,0.0,12.713,1.3000001
0.0,0.0,0.0,0.0,0.0,11.963,1.0198039
8.91,4.532147959955508,0.15320494672059418,0.0,4.6370153,11.763,0.60827625
258.07,236.48756874996735,0.37710973429084554,460.78687,63.558838,14.463,0.53851646
494.836,510.47602316411246,0.5701545034733262,725.53094,97.37374,18.313002,1.0
538.231,662.7561249236733,0.7191846752177086,753.0687,121.374435,20.363,1.746425
569.992,726.1727379941788,0.8140463336524184,709.2305,149.26025,21.813002,2.059126
566.5899999999999,800.419089676567,0.8482781209464099,804.4708,116.9766,23.213001,2.1023796
702.338,761.7480255100679,0.8195513197215394,807.7199,98.29809,24.013,2.2135942
603.873,633.3230448517646,0.729828116118408,747.00995,86.95566,24.013,2.2472203
441.332,400.62183897169444,0.5852272468306293,527.87213,91.94933,24.013,1.5
226.957,195.38121953874912,0.3956062559519581,349.44983,57.60433,22.313002,2.2671568
13.275,28.68012167708943,0.1738889525676747,85.30976,14.05514,20.063002,2.5612497
0.0,0.0,0.0,0.0,0.0,18.113,2.7658632
0.0,0.0,0.0,0.0,0.0,17.263,2.1931713
0.0,0.0,0.0,0.0,0.0,16.913,1.8439089
0.0,0.0,0.0,0.0,0.0,16.813002,1.555635
0.0,0.0,0.0,0.0,0.0,16.663,1.2727922
0.0,0.0,0.0,0.0,0.0,16.513,1.2806249
0.0,0.0,0.0,0.0,0.0,16.213001,1.0630146
0.0,0.0,0.0,0.0,0.0,15.412999,1.56205
0.0,0.0,0.0,0.0,0.0,14.963,1.4560219
0.0,0.0,0.0,0.0,0.0,14.063,0.53851646
0.0,0.0,0.0,0.0,0.0,13.713,1.0
0.0,0.0,0.0,0.0,0.0,12.813,0.3
0.0,0.0,0.0,0.0,0.0,12.513,0.5
16.432,0.0,0.15128417436389355,0.0,0.0,12.313,0.4
242.265,216.1342045071559,0.374882896460446,402.79837,66.101654,14.113,0.6
462.649,423.9631187136274,0.5676894494239961,522.1753,129.28786,18.163,0.53851646
613.497,525.9081504268297,0.7165658126642707,477.7337,186.19952,20.113,1.0049876
636.5020000000001,578.7009720270285,0.8113688163709714,437.355,227.1815,21.363,2.3086793
558.062,593.5644013832457,0.8456412894736691,420.98154,241.10815,22.063002,3.1780498
402.964,516.2869920364056,0.8170518476814658,333.1737,248.16042,22.413,3.758989
374.962,439.7045734518698,0.7275533354845359,326.69778,205.2909,22.313002,4.3908997
428.424,295.42050024649893,0.5832491134190977,231.78975,163.12233,21.513,4.022437
209.657,153.02063558850625,0.3939763724600923,173.64156,86.14747,20.813002,3.577709
23.699,25.4768810324019,0.17263499349202666,68.87415,13.811592,19.163,2.942788
0.0,0.0,0.0,0.0,0.0,17.213001,1.7088008
0.0,0.0,0.0,0.0,0.0,16.063002,1.1401755
0.0,0.0,0.0,0.0,0.0,14.963,0.8062258
0.0,0.0,0.0,0.0,0.0,14.213,0.7211103
0.0,0.0,0.0,0.0,0.0,14.263,2.1931713
0.0,0.0,0.0,0.0,0.0,14.313,2.4698176
0.0,0.0,0.0,0.0,0.0,14.413,2.7294688
0.0,0.0,0.0,0.0,0.0,14.413,2.7313
0.0,0.0,0.0,0.0,0.0,14.563,2.84605
0.0,0.0,0.0,0.0,0.0,16.563002,3.7161808
0.0,0.0,0.0,0.0,0.0,16.463001,3.8078864
0.0,0.0,0.0,0.0,0.0,16.263,3.8078864
0.0,0.0,0.0,0.0,0.0,16.163,3.4539833
8.802,0.0,0.14933182180178492,0.0,0.0,15.912999,2.84605
244.274,174.4766748058737,0.37263034952271673,291.67725,66.92054,17.063002,3.0083218
369.555,367.01740532574314,0.5652079015676359,408.2777,138.48724,18.763,3.6891732
191.921,521.0304395728925,0.7139423820829807,477.11255,182.96101,20.363,4.9396353
766.5339999999999,436.3962538810663,0.8087005472040505,234.09862,251.81831,21.013,5.860034
463.6230000000001,481.0975747357313,0.843028462688705,282.51205,247.25024,21.163,5.2801514
356.19,393.842718399893,0.8145910629917106,160.33719,268.58127,21.263,5.060632
185.142,418.89149801370155,0.7253308420361577,291.83463,210.76888,21.363,5.220153
285.788,392.3486263300691,0.5813348501818573,493.19223,106.36301,21.863,4.967897
125.946,204.21761458032978,0.3924191304428104,335.55365,73.41436,20.963001,4.8414874
17.749,25.185408066250723,0.171459034454443,60.656788,15.048438,19.513,4.080441
0.0,0.0,0.0,0.0,0.0,17.613,3.0675724
0.0,0.0,0.0,0.0,0.0,16.963001,3.0083218
0.0,0.0,0.0,0.0,0.0,16.813002,3.008322
0.0,0.0,0.0,0.0,0.0,16.613,2.6925824
0.0,0.0,0.0,0.0,0.0,16.613,2.184033
0.0,0.0,0.0,0.0,0.0,16.463001,2.5
0.0,0.0,0.0,0.0,0.0,16.413,2.84605
0.0,0.0,0.0,0.0,0.0,16.413,2.996665
0.0,0.0,0.0,0.0,0.0,16.413,2.7784889
0.0,0.0,0.0,0.0,0.0,17.013,2.84605
0.0,0.0,0.0,0.0,0.0,16.713001,2.9732137
0.0,0.0,0.0,0.0,0.0,16.263,2.84605
0.0,0.0,0.0,0.0,0.0,15.963,2.720294
23.148000000000003,0.0,0.1473490529945748,0.0,0.0,15.363,2.236068
278.771,178.34865542001393,0.3703536378380625,325.69522,58.62392,16.463001,2.4413111
241.109,490.51257756542583,0.5627117078313871,714.0827,89.15072,18.513,1.6401219
166.39700000000002,670.6500947055875,0.711316436905874,806.26746,96.68434,20.563002,1.7804494
672.788,713.4157321539915,0.8060436726749163,727.3856,127.0307,22.313002,2.9681644
783.1290000000001,618.1194319662874,0.8404417611843523,479.64963,217.77895,23.063002,2.624881
550.2909999999999,594.3969900555041,0.812170942944373,485.59787,202.39987,22.813002,2.0024984
252.00600000000003,503.2776422049604,0.723162362218477,499.4924,143.24088,21.913,1.6124516
489.448,386.16375421022326,0.5794858424826097,517.374,86.559586,21.513,2.6
223.188,189.1675060193266,0.39093550750741884,304.54724,71.00869,20.463001,2.0615528
16.052,23.500884758997472,0.17036160685642004,61.449337,13.253823,18.663,0.9433981
0.0,0.0,0.0,0.0,0.0,16.963001,1.2165525
0.0,0.0,0.0,0.0,0.0,16.463001,0.98488575
0.0,0.0,0.0,0.0,0.0,15.713,1.56205
0.0,0.0,0.0,0.0,0.0,15.412999,1.7691805
0.0,0.0,0.0,0.0,0.0,14.963,1.6278821
0.0,0.0,0.0,0.0,0.0,14.563,1.421267
0.0,0.0,0.0,0.0,0.0,14.113,2.1633308
0.0,0.0,0.0,0.0,0.0,14.013,2.302173
0.0,0.0,0.0,0.0,0.0,13.913,2.147091
0.0,0.0,0.0,0.0,0.0,15.363,2.624881
0.0,0.0,0.0,0.0,0.0,15.113,2.6925824
0.0,0.0,0.0,0.0,0.0,14.763,2.2825425
0.0,0.0,0.0,0.0,0.0,14.513,2.5495098
8.809999999999999,0.0,0.14533712496415255,0.0,0.0,14.963,2.7294688
285.01,193.23721959506955,0.36805438864322754,370.85352,57.554714,17.063002,3.482815
65.336,439.50053489290804,0.5602027826212879,612.89825,97.02904,18.463001,4.7423625
562.009,600.1032836477025,0.708690075624316,689.7369,111.57682,19.863,6.074537
806.034,453.98594076823565,0.8034003593363488,355.41998,170.87271,18.113,6.5734315
177.352,447.4659478443764,0.8378832986749147,287.9301,209.6746,18.463001,5.7384667
32.484,315.23567340219506,0.8097934310281557,119.67491,222.82755,17.913,6.963476
31.431,183.8747247345657,0.7210495635765214,16.975956,175.53433,16.713001,5.8898215
223.384,200.33081348013064,0.5777033952007748,105.66276,142.14877,17.563002,4.750789
245.069,145.1882730699598,0.3895263842346477,201.19066,67.892334,17.363,2.8160257
10.928,19.123769392447905,0.16934313474032447,50.54986,10.742065,17.063002,0.5
0.0,0.0,0.0,0.0,0.0,15.113,1.1661904
0.0,0.0,0.0,0.0,0.0,14.913,2.8442926
0.0,0.0,0.0,0.0,0.0,14.663,3.6124783
0.0,0.0,0.0,0.0,0.0,14.663,4.8093657
0.0,0.0,0.0,0.0,0.0,14.663,4.509989
0.0,0.0,0.0,0.0,0.0,15.063,4.204759
0.0,0.0,0.0,0.0,0.0,15.113,3.733631
0.0,0.0,0.0,0.0,0.0,14.513,3.5902646
0.0,0.0,0.0,0.0,0.0,14.113,3.3955853
0.0,0.0,0.0,0.0,0.0,13.763,2.751363
0.0,0.0,0.0,0.0,0.0,13.163,2.4698179
0.0,0.0,0.0,0.0,0.0,12.363,2.3086793
0.0,0.0,0.0,0.0,0.0,12.013,2.5019991
5.04,0.0,0.14329738748967388,0.0,0.0,12.063,2.630589
270.43,194.31973562603244,0.36573431127580136,373.99536,58.359917,13.763,2.7892652
547.993,509.53132904598476,0.55768310576359,753.76935,89.59142,16.763,2.8017852
154.53300000000002,682.7086915786934,0.7060654405900961,824.335,100.28764,18.613,3.992493
125.006,795.2937351994319,0.8007727926649595,864.94507,101.50138,19.413,4.6238513
792.0920000000001,818.7316604574279,0.8353551812092254,862.37805,96.71273,19.963001,4.5694637
780.518,761.1611459802217,0.8074604366536947,826.2187,92.43785,20.163,4.5694637
652.272,632.8218910776709,0.7189940551446495,761.57556,84.04906,20.263,4.0718546
498.103,447.9039812382181,0.5759887339746952,653.331,71.018616,20.013,3.939543
241.10400000000004,229.8241088982249,0.38819254629526406,462.83536,50.2372,18.513,3.758989
13.871,22.961194348596287,0.168403937654241,77.7686,9.991511,16.263,2.505993
0.0,0.0,0.0,0.0,0.0,14.413,2.3
0.0,0.0,0.0,0.0,0.0,13.613,2.1023796
0.0,0.0,0.0,0.0,0.0,12.963,1.5132746
0.0,0.0,0.0,0.0,0.0,12.063,1.5132746
0.0,0.0,0.0,0.0,0.0,13.813,1.6552945
0.0,0.0,0.0,0.0,0.0,14.313,0.8
0.0,0.0,0.0,0.0,0.0,14.113,0.53851646
0.0,0.0,0.0,0.0,0.0,13.363,0.5
0.0,0.0,0.0,0.0,0.0,11.313,0.7
0.0,0.0,0.0,0.0,0.0,11.213,1.5811388
0.0,0.0,0.0,0.0,0.0,10.513,1.4317821
0.0,0.0,0.0,0.0,0.0,10.113,1.264911
0.0,0.0,0.0,0.0,0.0,9.813,1.3928387
6.058,0.0,0.14123127722300569,0.0,0.0,9.663,1.3000001
271.252,201.44129728093853,0.3633951915113774,398.72675,57.30915,12.413,1.7029386
494.414,518.2191824246488,0.5551547175819581,783.6667,83.40474,16.963001,1.9416488
648.491,691.7069831024966,0.7034447143143633,851.0662,92.4012,19.213001,2.758623
751.472,781.0144062512511,0.7981631750529667,855.1395,97.272896,20.613,3.3970575
772.8539999999999,786.5633579969069,0.8328595071945669,827.72144,95.71392,21.363,4.3416586
727.434,716.7003181586524,0.8051738374191293,763.08954,101.19499,21.763,4.6400433
640.9660000000001,596.7541219997744,0.7169973920293582,702.4529,92.33849,21.863,4.404543
465.759,411.63006027587,0.5743430119122505,579.4935,78.66022,21.263,4.4553337
210.696,198.15081321050778,0.38693469301299077,376.0063,53.011284,20.113,3.8209944
13.81,18.81291049633498,0.16754424066573875,59.22421,9.018654,18.513,2.6907248
0.0,0.0,0.0,0.0,0.0,16.813002,2.7202942
0.0,0.0,0.0,0.0,0.0,15.963,2.3600848
0.0,0.0,0.0,0.0,0.0,15.213,2.3706539
0.0,0.0,0.0,0.0,0.0,15.113,2.5806975
0.0,0.0,0.0,0.0,0.0,15.063,2.5806975
0.0,0.0,0.0,0.0,0.0,15.013,2.5806975
0.0,0.0,0.0,0.0,0.0,14.863,2.5612497
0.0,0.0,0.0,0.0,0.0,14.713,2.4207437
0.0,0.0,0.0,0.0,0.0,14.613,2.280351
0.0,0.0,0.0,0.0,0.0,13.613,1.1401755
0.0,0.0,0.0,0.0,0.0,13.213,1.2727922
0.0,0.0,0.0,0.0,0.0,13.163,1.3453624
0.0,0.0,0.0,0.0,0.0,12.763,1.6552945
5.5280000000000005,0.0,0.13914030435961303,0.0,0.0,12.163,0.6708204
250.653,196.77496070765926,0.3610388791895161,391.25873,56.261215,14.263,0.41231057
494.306,525.8225341412999,0.5526197083904253,805.1399,81.05123,17.663,1.2165525
192.634,696.9236389258136,0.7008301117734271,864.71094,90.21091,19.663,2.280351
795.721,771.1775416322444,0.7955737215455272,839.0409,102.66703,21.613,3.4
906.02,774.9429346107449,0.8303983670632241,803.1269,106.93746,21.863,5.8240876
187.992,693.8730888988948,0.8029354829401664,727.52905,108.98068,21.263,6.4536815
322.072,527.9865332086176,0.7150610833209698,564.84827,124.62834,19.963001,6.963476
493.31299999999993,386.8470188392957,0.5727673212553137,516.43085,91.419426,20.363,5.7280016
129.666,194.1968968706135,0.3857534521338774,356.3682,57.223534,18.913,5.4230986
6.946,16.170791804025978,0.1667641913498596,42.195305,9.290357,17.313002,4.3908997
0.0,0.0,0.0,0.0,0.0,16.213001,3.3120992
0.0,0.0,0.0,0.0,0.0,16.113,3.2893767
0.0,0.0,0.0,0.0,0.0,15.813001,3.2893767
0.0,0.0,0.0,0.0,0.0,15.513,3.238827
0.0,0.0,0.0,0.0,0.0,15.113,3.1064448
0.0,0.0,0.0,0.0,0.0,14.513,2.4020824
0.0,0.0,0.0,0.0,0.0,13.763,1.9416487
0.0,0.0,0.0,0.0,0.0,13.613,1.5811388
0.0,0.0,0.0,0.0,0.0,13.413,1.118034
0.0,0.0,0.0,0.0,0.0,13.213,0.781025
0.0,0.0,0.0,0.0,0.0,11.713,0.44721362
0.0,0.0,0.0,0.0,0.0,10.763,0.41231057
0.0,0.0,0.0,0.0,0.0,10.013,0.2
5.04,0.0,0.13702603166453659,0.0,0.0,9.563,0.9055385
238.48600000000005,170.3381440443594,0.35866726857688375,317.88086,57.186882,11.763,1.5264337
448.5940000000001,451.676186909422,0.5500802016352271,651.365,94.170616,16.313002,1.3038405
671.65,473.6071877462721,0.6982238674313563,477.7402,141.74377,18.113,2.6907248
468.238,585.8079986794704,0.7930066517978004,555.30176,146.58731,19.463001,3.4655447
275.12300000000005,586.1014409501238,0.8279738407768173,519.9611,156.87737,19.863,4.104875
245.66000000000005,515.3172188347341,0.8007471981408985,469.94882,140.122,20.213001,4.2201896
610.3230000000001,494.64955958114456,0.7131866010409095,521.15405,123.67917,20.463001,4.6400433
474.1039999999999,418.52275454309455,0.5712627074773109,602.0915,74.2807,20.063002,5.020956
210.905,214.2759919010305,0.38464939815570526,429.73904,49.135094,18.913,4.609772
12.184,17.104125695410737,0.16606388112316853,55.99953,7.9119854,17.463001,2.9698482
0.0,0.0,0.0,0.0,0.0,16.063002,2.3430748
0.0,0.0,0.0,0.0,0.0,15.412999,2.0124612
0.0,0.0,0.0,0.0,0.0,14.763,1.4422206
0.0,0.0,0.0,0.0,0.0,14.013,1.3453624
0.0,0.0,0.0,0.0,0.0,13.613,1.7888545
0.0,0.0,0.0,0.0,0.0,13.713,2.376973
0.0,0.0,0.0,0.0,0.0,14.063,2.8844411
0.0,0.0,0.0,0.0,0.0,14.363,2.3430748
0.0,0.0,0.0,0.0,0.0,14.813,2.996665
0.0,0.0,0.0,0.0,0.0,17.163,5.186521
0.0,0.0,0.0,0.0,0.0,17.013,5.2478566
0.0,0.0,0.0,0.0,0.0,16.813002,4.770744
0.0,0.0,0.0,0.0,0.0,16.313002,4.7201695
5.303,0.0,0.13489004740364782,0.0,0.0,16.213001,4.8414874
43.216,153.75287825398328,0.356282272749919,276.3819,56.175224,17.213001,4.89183
126.747,431.9386470229486,0.547538331309146,613.42706,97.01948,18.463001,6.0207973
172.925,511.8914195203831,0.695628217179642,551.7204,129.30682,18.763,6.8249545
230.383,654.7798185809679,0.790464177617945,646.46704,144.5213,18.213001,7.7175126
698.6120000000001,453.4431054333709,0.8255879917453715,336.38004,178.31264,18.463001,6.5924196
808.344,519.1058790532168,0.7986107839004422,455.78842,156.67084,19.313002,4.648656
349.297,403.8395516476056,0.7113753873846234,393.05725,125.501335,18.613,2.4041631
179.03199999999998,214.68250397025977,0.5698301824744518,205.80762,98.97655,17.763,2.640076
101.03900000000002,87.19584344506217,0.3836230705578856,54.34335,67.76137,17.113,1.8027756
13.271,16.996151739867763,0.16544336720044558,56.76027,7.707217,15.263,2.6476402
0.0,0.0,0.0,0.0,0.0,13.313,2.657066
0.0,0.0,0.0,0.0,0.0,12.763,2.7166157
0.0,0.0,0.0,0.0,0.0,12.363,3.5014284
0.0,0.0,0.0,0.0,0.0,11.563,3.4132097
0.0,0.0,0.0,0.0,0.0,10.813,3.0066593
0.0,0.0,0.0,0.0,0.0,9.863,2.7018514
0.0,0.0,0.0,0.0,0.0,9.413,2.5179358
0.0,0.0,0.0,0.0,0.0,9.213,3.0016663
0.0,0.0,0.0,0.0,0.0,9.213,2.9274564
0.0,0.0,0.0,0.0,0.0,10.613,4.4045434
0.0,0.0,0.0,0.0,0.0,10.013,4.2579336
0.0,0.0,0.0,0.0,0.0,9.713,3.6496572
0.0,0.0,0.0,0.0,0.0,8.963,4.4102154
0.302,0.0,0.13273393570382896,0.0,0.0,9.413,6.1073728
23.23,99.42202549015666,0.3538857950391574,144.94965,49.03512,9.663,6.7007456
118.47199999999998,464.4478845038283,0.54499621618276,682.20123,93.40381,10.913,7.7025967
205.734,634.2810110574615,0.6930453768409557,750.3151,114.55494,11.713,8.714355
813.436,728.6485044954404,0.7879484869483582,768.18134,123.17547,12.213,9.732934
443.393,557.1489659424129,0.8232428571094529,471.03616,171.22343,11.863,8.598837
165.247,412.39976421867607,0.7965280140123038,275.04047,196.57957,12.113,8.0062475
823.839,389.3335236694744,0.7096288583161565,291.5903,185.4521,12.313,7.2691126
110.484,256.32903468757786,0.568470734370396,264.67685,107.442894,12.163,6.9720874
131.082,160.5379682643216,0.382674988805621,250.92061,65.44948,12.013,6.0827627
17.203,12.463206836043422,0.16490269154437284,34.533314,6.879925,11.013,4.4011364
0.0,0.0,0.0,0.0,0.0,10.213,3.9204593
0.0,0.0,0.0,0.0,0.0,10.213,3.4132097
0.0,0.0,0.0,0.0,0.0,9.963,3.026549
0.0,0.0,0.0,0.0,0.0,9.613,2.376973
0.0,0.0,0.0,0.0,0.0,9.163,2.0615528
0.0,0.0,0.0,0.0,0.0,8.513,1.8357561
0.0,0.0,0.0,0.0,0.0,7.913,1.7492856
0.0,0.0,0.0,0.0,0.0,7.213,1.3453624
0.0,0.0,0.0,0.0,0.0,6.513,1.0630146
0.0,0.0,0.0,0.0,0.0,6.013,0.7615773
0.0,0.0,0.0,0.0,0.0,5.613,0.53851646
0.0,0.0,0.0,0.0,0.0,5.463,0.2
0.0,0.0,0.0,0.0,0.0,5.213,0.6708204
4.19,0.0,0.1305592488431611,0.0,0.0,5.263,1.5652475
244.563,169.93614283102266,0.35147970186781036,337.3523,52.070206,8.013,1.4317821
495.89,506.44531699151446,0.5424559346957807,783.0916,81.966484,11.763,0.9055385
663.4340000000001,686.5917074490433,0.6904775204553988,862.30963,90.59842,13.913,1.6552945
753.8969999999999,787.6642491206743,0.7854617266784011,881.1444,94.30685,15.363,2.1931713
780.606,807.5071527197831,0.820940435847694,868.67487,92.77064,16.463001,2.1931713
750.7759999999998,750.7637191570218,0.7945006290221599,831.5025,88.564415,17.263,1.9104972
650.506,622.4840028637466,0.7079484031457159,762.95795,81.180824,17.613,2.0248458
481.858,437.27053721984726,0.5671853324482368,648.32367,69.03048,17.463001,1.8601075
212.833,219.92119116323047,0.3818056619993893,452.1873,47.36549,16.363,0.89442724
7.901,14.524637027186136,0.16444189422790856,50.49158,6.299413,14.713,0.89442724
0.0,0.0,0.0,0.0,0.0,11.513,1.0630146
0.0,0.0,0.0,0.0,0.0,10.813,1.1401755
0.0,0.0,0.0,0.0,0.0,12.013,0.4
0.0,0.0,0.0,0.0,0.0,9.513,0.89442724
0.0,0.0,0.0,0.0,0.0,9.813,0.781025
0.0,0.0,0.0,0.0,0.0,7.663,0.9433981
0.0,0.0,0.0,0.0,0.0,7.5129995,1.2806249
0.0,0.0,0.0,0.0,0.0,6.963,1.0198039
0.0,0.0,0.0,0.0,0.0,7.013,0.60827625
0.0,0.0,0.0,0.0,0.0,10.913,1.6124516
0.0,0.0,0.0,0.0,0.0,9.263,1.8027756
0.0,0.0,0.0,0.0,0.0,9.413,1.56205
0.0,0.0,0.0,0.0,0.0,9.263,1.4764823
4.292,0.0,0.1283674858392754,0.0,0.0,9.563,1.3000001
58.38,153.38168171358456,0.34906580127723436,283.51727,55.26474,11.363,1.360147
470.962,477.21478676531325,0.5399195045949745,730.0561,83.51544,14.813,1.3892444
675.182,640.7163089912925,0.6879267620429939,790.8677,96.44088,16.863,2.280351
331.84000000000003,602.7877793154767,0.783005987327354,588.9551,142.61047,17.963001,3.4655447
781.6189999999999,573.8598343968642,0.8186826770217848,484.18286,179.47408,18.463001,3.7802117
112.751,435.31685306102827,0.7925303283932859,288.44583,210.23668,18.513,3.8013155
133.446,393.2385072281908,0.7063353807305832,312.49152,175.25432,18.813002,3.8600519
159.574,253.11272332403342,0.5659749272255826,193.12753,146.5042,18.613,4.244997
114.999,115.75697040325414,0.381015592421165,82.89015,85.939926,17.813002,4.172529
7.071,10.525721816064323,0.16406101984595536,13.719144,8.448392,16.163,2.863564
0.0,0.0,0.0,0.0,0.0,14.163,2.34094
0.0,0.0,0.0,0.0,0.0,13.513,2.118962
0.0,0.0,0.0,0.0,0.0,13.763,2.404163
0.0,0.0,0.0,0.0,0.0,13.613,2.5961509
0.0,0.0,0.0,0.0,0.0,13.863,2.5495098
0.0,0.0,0.0,0.0,0.0,13.863,2.4738634
0.0,0.0,0.0,0.0,0.0,13.963,2.630589
0.0,0.0,0.0,0.0,0.0,14.013,2.570992
0.0,0.0,0.0,0.0,0.0,13.913,2.5495098
0.0,0.0,0.0,0.0,0.0,14.113,2.657066
0.0,0.0,0.0,0.0,0.0,13.763,2.5079873
0.0,0.0,0.0,0.0,0.0,13.863,2.7018511
0.0,0.0,0.0,0.0,0.0,13.563,2.6627054
0.666,0.0,0.12616008090006928,0.0,0.0,13.263,2.404163
54.793,112.30358020473355,0.3466458308600421,160.10794,57.885666,14.063,2.9154758
261.918,367.05667068316563,0.53738887083444,505.07587,96.858025,16.163,3.5341196
26.894,501.8190513465205,0.6853951440105948,547.8193,127.58543,17.513,5.185557
223.794,566.0846815820076,0.7805832924313632,561.27997,128.74342,18.663,5.8258047
780.2099999999999,654.7009972067528,0.8164714704805834,649.5438,124.44391,19.463001,5.964059
286.441,574.5310046998319,0.7906187627629692,557.62354,134.33113,19.313002,5.714018
499.582,424.8672505810023,0.7047911134242784,408.71686,138.34377,19.063002,5.325411
549.706,367.1301891345789,0.5648404461550558,495.45444,87.68822,19.663,4.964876
111.718,180.7256409273242,0.3803052728947488,328.25342,56.465664,18.763,4.1761227
7.590999999999999,10.518946414983155,0.16376011645728858,31.710106,5.4076257,17.213001,2.8178005
0.0,0.0,0.0,0.0,0.0,15.613,2.236068
0.0,0.0,0.0,0.0,0.0,14.913,2.1260293
0.0,0.0,0.0,0.0,0.0,14.613,2.3600848
0.0,0.0,0.0,0.0,0.0,14.663,2.3345237
0.0,0.0,0.0,0.0,0.0,14.613,2.4041631
0.0,0.0,0.0,0.0,0.0,14.263,2.5612497
0.0,0.0,0.0,0.0,0.0,14.163,2.5455844
0.0,0.0,0.0,0.0,0.0,13.863,2.4207437
0.0,0.0,0.0,0.0,0.0,13.813,2.2472205
0.0,0.0,0.0,0.0,0.0,14.963,2.9068882
0.0,0.0,0.0,0.0,0.0,14.763,2.4839485
0.0,0.0,0.0,0.0,0.0,14.513,1.4866068
0.0,0.0,0.0,0.0,0.0,13.713,1.118034
0.16,0.0,0.12393840379573018,0.0,0.0,12.863,1.3928387
24.77,118.15135675748813,0.34422145715977415,196.04083,51.560635,15.213,1.3038404
18.472,338.3615239647713,0.5348659039658171,455.85892,95.8446,16.163,1.6763055
55.962,454.59732947854957,0.6828846344457241,477.50488,130.03468,17.213001,1.6
817.2140000000002,553.049941254222,0.7781955947048045,507.3397,159.9479,18.363,2.6925821
151.79,647.5156410206586,0.8143086419100003,638.8012,127.54198,19.263,3.1320918
140.237,606.0904278354094,0.7887675279788726,617.91846,118.7698,19.513,3.471311
100.246,310.1060631322431,0.703316880230408,202.71036,170.60924,17.913,3.49285
57.357,185.65752393551503,0.5637827860890892,164.63539,94.45546,16.313002,1.7492856
16.136,172.48008493307293,0.37967517891122465,302.00085,58.500877,16.463001,2.1
1.2140000000000002,8.47886848028307,0.1635392276503651,24.159758,4.600753,15.662999,1.7088008
0.0,0.0,0.0,0.0,0.0,14.563,1.3453624
0.0,0.0,0.0,0.0,0.0,14.163,1.0
0.0,0.0,0.0,0.0,0.0,14.113,0.9433981
0.0,0.0,0.0,0.0,0.0,13.563,0.89442724
0.0,0.0,0.0,0.0,0.0,13.163,0.8544004
0.0,0.0,0.0,0.0,0.0,12.713,0.8544004
0.0,0.0,0.0,0.0,0.0,12.263,0.89442724
0.0,0.0,0.0,0.0,0.0,11.563,1.0198039
0.0,0.0,0.0,0.0,0.0,11.313,1.0198039
0.0,0.0,0.0,0.0,0.0,13.913,0.8062258
0.0,0.0,0.0,0.0,0.0,12.963,1.2806249
0.0,0.0,0.0,0.0,0.0,13.713,0.42426407
0.0,0.0,0.0,0.0,0.0,13.113,0.36055514
0.525,0.0,0.1217037721286343,0.0,0.0,13.063,0.5
124.295,135.9649630365971,0.34179428682959795,267.4192,45.2118,12.863,0.42426407
0.0,464.0292639350166,0.5323524094691577,719.2178,81.658295,14.863,1.0049876
461.282,634.1671688046282,0.680397133993915,787.9601,97.92847,16.613,2.109502
344.747,633.6849276361961,0.775844779981812,604.1227,166.48553,18.163,2.745906
530.449,601.0879979956745,0.8121959535211409,504.12683,193.92337,18.713001,3.224903
492.269,565.0744089560236,0.7869781624134364,467.642,199.59726,18.913,3.4234486
480.18,457.0543129800359,0.7019139108817372,416.45233,166.90952,18.763,3.49285
0.0,365.8392161348089,0.5628028044796889,502.46512,83.35822,18.163,3.7161808
42.069,175.95394977884442,0.3791257574684458,326.42728,52.701622,17.013,3.2893767
5.77,8.951921931593997,0.1633983798192374,26.984514,4.612234,15.363,2.4698179
0.0,0.0,0.0,0.0,0.0,13.963,2.1540658
0.0,0.0,0.0,0.0,0.0,13.513,1.6124516
0.0,0.0,0.0,0.0,0.0,13.163,1.4866068
0.0,0.0,0.0,0.0,0.0,13.013,1.9416488
0.0,0.0,0.0,0.0,0.0,12.763,2.1095023
0.0,0.0,0.0,0.0,0.0,12.763,2.3323808
0.0,0.0,0.0,0.0,0.0,12.863,2.6907248
0.0,0.0,0.0,0.0,0.0,13.013,2.5455844
0.0,0.0,0.0,0.0,0.0,12.613,1.9209373
0.0,0.0,0.0,0.0,0.0,13.313,2.0518284
0.0,0.0,0.0,0.0,0.0,13.013,2.0248456
0.0,0.0,0.0,0.0,0.0,13.063,3.008322
0.0,0.0,0.0,0.0,0.0,14.163,4.0447497
0.785,0.0,0.11945747338399598,0.0,0.0,14.263,4.002499
150.67899999999997,98.31916044704082,0.339365887642163,152.37964,47.468777,14.913,4.304649
185.383,132.90352033316745,0.5298501465203321,92.08969,85.88272,14.813,3.757659
377.454,452.67564042367997,0.6779344913616075,451.25638,148.79677,16.663,4.263801
737.316,574.6869949962677,0.773532678564665,558.2901,144.01422,17.313002,5.966573
732.101,470.6614403594334,0.81013511066456,373.35504,170.50237,16.913,5.2009616
707.721,557.2940950325825,0.7852521485617568,503.39502,163.59502,16.913,6.0207973
635.455,477.4759755128561,0.7005833824600538,499.9871,128.17345,14.563,6.536819
473.63,362.36808472526104,0.5619013114143429,508.9585,76.52465,15.613,6.2265563
58.878,174.4913825169345,0.3786574152483892,330.5183,49.772343,14.963,5.872819
10.078,7.453836736284847,0.16333756746227585,16.300276,4.880744,13.013,6.43506
0.0,0.0,0.0,0.0,0.0,12.763,6.6068144
0.0,0.0,0.0,0.0,0.0,13.763,7.3756356
0.0,0.0,0.0,0.0,0.0,13.413,7.44043
0.0,0.0,0.0,0.0,0.0,13.313,7.905694
0.0,0.0,0.0,0.0,0.0,13.613,10.323759
0.0,0.0,0.0,0.0,0.0,13.363,10.153325
0.0,0.0,0.0,0.0,0.0,13.413,9.903535
0.0,0.0,0.0,0.0,0.0,13.713,9.763708
0.0,0.0,0.0,0.0,0.0,13.363,8.1412525
0.0,0.0,0.0,0.0,0.0,14.213,8.1541395
0.0,0.0,0.0,0.0,0.0,13.363,7.4464755
0.0,0.0,0.0,0.0,0.0,12.963,7.1589108
0.0,0.0,0.0,0.0,0.0,12.763,5.4626
0.0,0.0,0.11720079242348298,0.0,0.0,11.813,2.6476402
45.363,94.23761035329441,0.3369378152491703,153.5977,43.25094,11.763,1.0816654
479.883,255.21278055162492,0.5273608525782326,308.45657,94.113686,12.513,1.0816654
712.17,468.02921899043054,0.675498524373283,473.60516,150.12935,12.963,1.5264337
758.008,580.1007445433726,0.7712610817310588,560.03986,149.47707,13.363,2.5553863
839.6759999999999,596.1868322443773,0.8081277730035261,579.14856,128.68433,13.913,2.5612497
899.044,598.8445117900021,0.7835909184892881,595.8522,132.45407,14.213,2.3345234
690.9100000000001,482.79354494628524,0.6993264191072588,518.7141,120.79379,14.263,2.0099752
589.435,348.1093694052951,0.5610790639587372,463.87015,88.399,13.363,1.9235383
101.986,171.71542456391578,0.3782705083312821,303.6883,57.50811,12.813,1.9416487
6.916,8.481313777470435,0.16335673932812533,28.235954,3.9209998,10.813,1.0
0.0,0.0,0.0,0.0,0.0,9.113,0.9433981
0.0,0.0,0.0,0.0,0.0,8.313,0.94868326
0.0,0.0,0.0,0.0,0.0,8.013,1.0440307
0.0,0.0,0.0,0.0,0.0,7.4630003,1.104536
0.0,0.0,0.0,0.0,0.0,6.3129997,1.118034
0.0,0.0,0.0,0.0,0.0,6.163,1.0198039
0.0,0.0,0.0,0.0,0.0,5.663,1.6492423
0.0,0.0,0.0,0.0,0.0,5.213,2.2472203
0.0,0.0,0.0,0.0,0.0,5.213,2.640076
0.0,0.0,0.0,0.0,0.0,6.863,3.1064448
0.0,0.0,0.0,0.0,0.0,6.613,2.7166157
0.0,0.0,0.0,0.0,0.0,5.8129997,2.4166093
0.0,0.0,0.0,0.0,0.0,4.8129997,2.1400933
1.02,0.0,0.11493503928386317,0.0,0.0,4.0629997,1.8439089
235.966,118.60241358290392,0.3345116403877956,214.34413,47.686123,5.013,1.746425
471.162,441.6600289849898,0.5248862685850952,660.8881,95.75141,9.663,0.8
660.194,615.3763675288365,0.6730910419126799,756.5541,106.3732,11.663,0.72801095
768.1569999999999,717.9851401215894,0.7690317593244127,774.03015,122.66648,13.113,1.6124516
486.962,652.8723969357513,0.8061755670116472,636.91046,139.96526,13.713,1.9209373
782.247,510.69468718010734,0.7819958608072787,457.06522,154.87971,13.913,1.7691805
682.632,309.4503659534004,0.6981440934474052,255.9633,132.78082,13.713,1.7204651
513.741,339.8642653845567,0.5603367623992734,441.05933,93.47198,13.513,2.5495098
200.91,207.51641194771457,0.3779653339240277,423.87485,47.504173,12.713,1.8248286
6.8580000000000005,8.42495556285562,0.16345578658667081,29.320652,3.6776068,10.013,1.2369317
0.0,0.0,0.0,0.0,0.0,8.163,1.4035668
0.0,0.0,0.0,0.0,0.0,6.913,1.0
0.0,0.0,0.0,0.0,0.0,6.513,0.3
0.0,0.0,0.0,0.0,0.0,5.913,1.3416408
0.0,0.0,0.0,0.0,0.0,4.863,1.2369317
0.0,0.0,0.0,0.0,0.0,4.0629997,0.82462114
0.0,0.0,0.0,0.0,0.0,3.363,1.1661904
0.0,0.0,0.0,0.0,0.0,3.663,1.56205
0.0,0.0,0.0,0.0,0.0,4.413,2.280351
0.0,0.0,0.0,0.0,0.0,5.463,1.6401219
0.0,0.0,0.0,0.0,0.0,5.713,2.6907248
0.0,0.0,0.0,0.0,0.0,6.413,2.4207437
0.0,0.0,0.0,0.0,0.0,6.463,1.8439089
0.615,0.0,0.11266157238950977,0.0,0.0,7.113,2.7730849
28.599,84.36078310684114,0.33208897151454003,131.99223,41.281036,8.713,3.008322
97.149,199.3003447009802,0.5224281597722528,193.6175,100.070244,12.463,4.4418464
69.48599999999999,236.18835662102148,0.6707138618105646,155.79767,134.28452,13.563,5.9682493
134.029,223.93456725696484,0.7668464738681204,73.47883,171.19128,12.513,6.440497
762.739,354.18887135836724,0.8042800957187421,202.14172,195.20047,12.413,6.530697
120.724,161.8781344120561,0.7804683257933743,0.0,165.62376,13.363,6.664833
76.349,247.02499211933625,0.6970374271208082,150.57726,144.77104,14.313,7.3783464
11.525,92.96191414880613,0.5596750464763943,35.349686,74.75941,13.713,6.536819
43.907,49.037213106613024,0.37774212300690585,5.1901293,48.155045,13.763,6.0835843
11.07,1.5758407277930118,0.1636345328176333,0.0,1.6123034,13.563,6.109828
0.0,0.0,0.0,0.0,0.0,13.113,6.397656
0.0,0.0,0.0,0.0,0.0,12.963,6.664833
0.0,0.0,0.0,0.0,0.0,13.113,7.03278
0.0,0.0,0.0,0.0,0.0,13.313,6.774216
0.0,0.0,0.0,0.0,0.0,13.263,6.264982
0.0,0.0,0.0,0.0,0.0,13.613,5.8137765
0.0,0.0,0.0,0.0,0.0,13.963,5.5946403
0.0,0.0,0.0,0.0,0.0,13.513,5.1971145
0.0,0.0,0.0,0.0,0.0,13.513,5.011986
0.0,0.0,0.0,0.0,0.0,14.213,4.7169905
0.0,0.0,0.0,0.0,0.0,13.913,4.429447
0.0,0.0,0.0,0.0,0.0,13.563,3.8626416
0.0,0.0,0.0,0.0,0.0,13.313,4.016217
2.1100000000000003,0.0,0.11038181436614886,0.0,0.0,13.113,3.8483763
135.64600000000002,70.07573855078365,0.3296714696668654,108.80178,34.84721,13.613,4.031129
95.079,250.97275616607885,0.5199883287076432,277.9017,108.435,15.013,5.3535037
143.969,409.0322977043609,0.6683688213474573,444.00406,113.58441,15.863,6.1032777
215.285,487.64385218227625,0.7647069879936967,472.9656,127.12511,16.213001,6.5802736
145.409,529.5776907437661,0.8024429427713482,459.6411,162.55305,16.813002,7.029225
162.459,587.3039125839601,0.7790096260133963,595.50305,123.7539,17.063002,7.083784
420.982,473.0333877562556,0.6960073881719141,490.50928,132.78926,16.813002,6.519202
289.048,289.74678421141294,0.5590944900274012,338.2074,101.92467,16.963001,6.0959
249.535,148.26745592088616,0.37760103273121864,226.63185,63.66693,16.163,5.021952
17.864,5.896985450355203,0.16389272482749143,15.800143,3.3630683,15.063,3.6674242
0.0,0.0,0.0,0.0,0.0,14.213,3.0675724
0.0,0.0,0.0,0.0,0.0,13.463,2.2472205
0.0,0.0,0.0,0.0,0.0,12.313,1.6643317
0.0,0.0,0.0,0.0,0.0,12.263,2.0880613
0.0,0.0,0.0,0.0,0.0,12.013,2.0880613
0.0,0.0,0.0,0.0,0.0,12.013,1.8973665
0.0,0.0,0.0,0.0,0.0,12.063,1.868154
0.0,0.0,0.0,0.0,0.0,12.513,2.34094
0.0,0.0,0.0,0.0,0.0,12.213,1.9723083
0.0,0.0,0.0,0.0,0.0,12.963,2.376973
0.0,0.0,0.0,0.0,0.0,12.713,2.147091
0.0,0.0,0.0,0.0,0.0,12.763,2.2472205
0.0,0.0,0.0,0.0,0.0,12.713,2.0248458
0.285,0.0,0.10809726012411396,0.0,0.0,12.063,1.421267
142.276,94.43260977301523,0.3272608552111934,170.47835,39.300076,12.563,1.4866068
404.246,445.9501704531141,0.5175686201922264,712.14307,77.90391,14.813,1.0816654
571.503,598.5710728296606,0.6660577800026632,759.2464,92.83411,17.013,1.4560219
683.6179999999999,717.8497093278037,0.7626150648786393,814.49304,95.94117,18.613,2.147091
769.4770000000001,735.0270647498814,0.8006656705537201,790.4386,101.24799,19.663,2.7784889
678.6410000000001,656.5771926965026,0.7776210323258974,709.53284,104.28584,19.963001,3.4
140.017,512.5801727211782,0.6950548852517278,610.97,87.60965,19.763,3.001666
63.321,339.3767567277719,0.5585955938062733,450.55176,88.32152,19.113,1.9104972
57.753,164.5445229793009,0.3775421384565687,300.6412,51.593903,17.863,0.70710677
5.236,5.775834223195609,0.16423002453993196,17.325315,2.9753563,15.713,1.0440307
0.0,0.0,0.0,0.0,0.0,13.563,1.4
0.0,0.0,0.0,0.0,0.0,12.663,1.0816654
0.0,0.0,0.0,0.0,0.0,11.913,0.6708204
0.0,0.0,0.0,0.0,0.0,11.213,0.6324555
0.0,0.0,0.0,0.0,0.0,10.563,0.60827625
0.0,0.0,0.0,0.0,0.0,10.013,1.118034
